English,Chinese,PartOfSpeech,type,Class,Semester,Unit,Page,VocabularyId,ConceptId,ContentKind,AudioText,AcceptedAnswers,QuizModes,ExampleSentence,ExampleChinese,ExampleStatus,BaseForm,PastTense,PastParticiple,FullForm,ShortForm,RelationType,RelatedTerms,SingularForm,PluralForm,ClozePrompt,ClozeAnswer,NeedsReview,ReviewNotes,SourceKind,SourceFile,SourceImage,OCRConfidence
teach,教；教導,verb,irregular_verb,Class 1,First Semester,U1,p.4,,,verb_forms,teach,teach|taught|taught,en_zh_choice|zh_en_choice|listening|spelling|verb_forms,,,missing,teach,taught,taught,,,,,,,,,No,,ocr,way_to_go_10_images_20260814,20260814_233743.jpg,0.96
keep a diary,寫日記,verb_phrase,phrase,Class 1,First Semester,U1,p.4,,,phrase,keep a diary,keep a diary,en_zh_choice|zh_en_choice|listening|spelling,,,missing,,,,,,,,,,,,No,,ocr,way_to_go_10_images_20260814,20260814_233743.jpg,0.96
do,做（作業；活動；清洗）,verb,irregular_verb,Class 1,First Semester,U1,p.4,,,verb_forms,do,do|did|done,en_zh_choice|zh_en_choice|listening|spelling|verb_forms,,,missing,do,did,done,,,,,,,,,No,,ocr,way_to_go_10_images_20260814,20260814_233743.jpg,0.96
collect,收集,verb,irregular_verb,Class 1,First Semester,U1,p.4,,,verb_forms,collect,collect|collected|collected,en_zh_choice|zh_en_choice|listening|spelling|verb_forms,,,missing,collect,collected,collected,,,,,,,,,No,,ocr,way_to_go_10_images_20260814,20260814_233743.jpg,0.96
watch,觀賞；看,verb,irregular_verb,Class 1,First Semester,U1,p.4,,,verb_forms,watch,watch|watched|watched,en_zh_choice|zh_en_choice|listening|spelling|verb_forms,,,missing,watch,watched,watched,,,,,,,,,No,,ocr,way_to_go_10_images_20260814,20260814_233743.jpg,0.96
play,玩（遊戲）；打（球、牌）,verb,irregular_verb,Class 1,First Semester,U1,p.4,,,verb_forms,play,play|played|played,en_zh_choice|zh_en_choice|listening|spelling|verb_forms,,,missing,play,played,played,,,,,,,,,No,,ocr,way_to_go_10_images_20260814,20260814_233743.jpg,0.96
mahjong,麻將,noun,word,Class 1,First Semester,U1,p.4,,,word,mahjong,mahjong,en_zh_choice|zh_en_choice|listening|spelling,,,missing,,,,,,,,,,,,No,,ocr,way_to_go_10_images_20260814,20260814_233743.jpg,0.96
stamp,郵票,noun,word,Class 1,First Semester,U1,p.4,,,word,stamp,stamp,en_zh_choice|zh_en_choice|listening|spelling,,,missing,,,,,,,,,,,,No,,ocr,way_to_go_10_images_20260814,20260814_233743.jpg,0.96
sumo wrestling,相撲,noun,word,Class 1,First Semester,U1,p.4,,,word,sumo wrestling,sumo wrestling,en_zh_choice|zh_en_choice|listening|spelling,,,missing,,,,,,,,,,,,No,,ocr,way_to_go_10_images_20260814,20260814_233743.jpg,0.96
kung fu,功夫,noun,word,Class 1,First Semester,U1,p.4,,,word,kung fu,kung fu,en_zh_choice|zh_en_choice|listening|spelling,,,missing,,,,,,,,,,,,No,,ocr,way_to_go_10_images_20260814,20260814_233743.jpg,0.96
for <+ a period of time>,做某事做一段時間,preposition,grammar_form,Class 1,First Semester,U1,p.4,,,grammar_pattern,,for <+ a period of time>,en_zh_choice|zh_en_choice|cloze,,,missing,,,,,,,,,,,,No,,ocr,way_to_go_10_images_20260814,20260814_233743.jpg,0.96
surname = last name = family name,姓氏,noun,synonym_expression,Class 2,First Semester,U1,p.3,,,phrase,,surname = last name = family name,en_zh_choice|zh_en_choice|listening|spelling,,,missing,,,,,,synonym,,,,,,No,等號或同義表達需確認,ocr,way_to_go_10_images_20260814,20260814_233743.jpg,0.96
given name = first name,名字,noun,synonym_expression,Class 2,First Semester,U1,p.3,,,phrase,,given name = first name,en_zh_choice|zh_en_choice|listening|spelling,,,missing,,,,,,synonym,,,,,,No,等號或同義表達需確認,ocr,way_to_go_10_images_20260814,20260814_233743.jpg,0.96
flight,班機,noun,synonym_expression,Class 2,First Semester,U1,p.3,,,phrase,flight,flight,en_zh_choice|zh_en_choice|listening|spelling,,,missing,,,,,,synonym,,,,,,No,等號或同義表達需確認,ocr,way_to_go_10_images_20260814,20260814_233743.jpg,0.96
gate,大門；登機口,noun,synonym_expression,Class 2,First Semester,U1,p.3,,,phrase,gate,gate,en_zh_choice|zh_en_choice|listening|spelling,,,missing,,,,,,synonym,,,,,,No,等號或同義表達需確認,ocr,way_to_go_10_images_20260814,20260814_233743.jpg,0.96
seat,座位；位置,noun,synonym_expression,Class 2,First Semester,U1,p.3,,,phrase,seat,seat,en_zh_choice|zh_en_choice|listening|spelling,,,missing,,,,,,synonym,,,,,,No,等號或同義表達需確認,ocr,way_to_go_10_images_20260814,20260814_233743.jpg,0.96
boarding pass,登機證,noun,synonym_expression,Class 2,First Semester,U1,p.3,,,phrase,boarding pass,boarding pass,en_zh_choice|zh_en_choice|listening|spelling,,,missing,,,,,,synonym,,,,,,No,等號或同義表達需確認,ocr,way_to_go_10_images_20260814,20260814_233743.jpg,0.96
boarding time,登機時間,noun,synonym_expression,Class 2,First Semester,U1,p.3,,,phrase,boarding time,boarding time,en_zh_choice|zh_en_choice|listening|spelling,,,missing,,,,,,synonym,,,,,,No,等號或同義表達需確認,ocr,way_to_go_10_images_20260814,20260814_233743.jpg,0.96
the United States = America,美國,noun,synonym_expression,Class 2,First Semester,U1,p.3,,,phrase,,the United States = America,en_zh_choice|zh_en_choice|listening|spelling,,,missing,,,,,,synonym,,,,,,No,等號或同義表達需確認,ocr,way_to_go_10_images_20260814,20260814_233743.jpg,0.96
occupation,職業,noun,synonym_expression,Class 2,First Semester,U1,p.3,,,phrase,occupation,occupation,en_zh_choice|zh_en_choice|listening|spelling,,,missing,,,,,,synonym,,,,,,No,等號或同義表達需確認,ocr,way_to_go_10_images_20260814,20260814_233743.jpg,0.96
destination,目的地,noun,synonym_expression,Class 2,First Semester,U1,p.3,,,phrase,destination,destination,en_zh_choice|zh_en_choice|listening|spelling,,,missing,,,,,,synonym,,,,,,No,等號或同義表達需確認,ocr,way_to_go_10_images_20260814,20260814_233743.jpg,0.96
coach,教練,noun,synonym_expression,Class 2,First Semester,U1,p.3,,,phrase,coach,coach,en_zh_choice|zh_en_choice|listening|spelling,,,missing,,,,,,synonym,,,,,,No,等號或同義表達需確認,ocr,way_to_go_10_images_20260814,20260814_233743.jpg,0.96
British,英國的；英國人,adjective,synonym_expression,Class 2,First Semester,U1,p.3,,,phrase,British,British,en_zh_choice|zh_en_choice|listening|spelling,,,missing,,,,,,synonym,,,,,,No,等號或同義表達需確認,ocr,way_to_go_10_images_20260814,20260814_233743.jpg,0.96
permanent,永久的,adjective,synonym_expression,Class 2,First Semester,U1,p.3,,,phrase,permanent,permanent,en_zh_choice|zh_en_choice|listening|spelling,,,missing,,,,,,synonym,,,,,,No,等號或同義表達需確認,ocr,way_to_go_10_images_20260814,20260814_233743.jpg,0.96
wear,穿；戴,verb,irregular_verb,Class 5,First Semester,U1,p.6,,,verb_forms,wear,wear|wore|worn,en_zh_choice|zh_en_choice|listening|spelling|verb_forms,,,missing,wear,wore,worn,,,,,,,,,No,,ocr,way_to_go_10_images_20260814,20260814_233809.jpg,0.96
meet,遇見,verb,irregular_verb,Class 5,First Semester,U1,p.6,,,verb_forms,meet,meet|met|met,en_zh_choice|zh_en_choice|listening|spelling|verb_forms,,,missing,meet,met,met,,,,,,,,,No,,ocr,way_to_go_10_images_20260814,20260814_233809.jpg,0.96
eat,吃；用餐,verb,irregular_verb,Class 5,First Semester,U1,p.6,,,verb_forms,eat,eat|ate|eaten,en_zh_choice|zh_en_choice|listening|spelling|verb_forms,,,missing,eat,ate,eaten,,,,,,,,,No,,ocr,way_to_go_10_images_20260814,20260814_233809.jpg,0.96
see,看見；看到,verb,irregular_verb,Class 5,First Semester,U1,p.6,,,verb_forms,see,see|saw|seen,en_zh_choice|zh_en_choice|listening|spelling|verb_forms,,,missing,see,saw,seen,,,,,,,,,No,,ocr,way_to_go_10_images_20260814,20260814_233809.jpg,0.96
read,閱讀；朗讀,verb,irregular_verb,Class 5,First Semester,U1,p.6,,,verb_forms,read,read|read|read,en_zh_choice|zh_en_choice|listening|spelling|verb_forms,,,missing,read,read,read,,,,,,,,,No,,ocr,way_to_go_10_images_20260814,20260814_233809.jpg,0.96
try,嘗試；試圖,verb,irregular_verb,Class 5,First Semester,U1,p.6,,,verb_forms,try,try|tried|tried,en_zh_choice|zh_en_choice|listening|spelling|verb_forms,,,missing,try,tried,tried,,,,,,,,,No,,ocr,way_to_go_10_images_20260814,20260814_233809.jpg,0.96
study,研讀；研究,verb,irregular_verb,Class 5,First Semester,U1,p.6,,,verb_forms,study,study|studied|studied,en_zh_choice|zh_en_choice|listening|spelling|verb_forms,,,missing,study,studied,studied,,,,,,,,,No,,ocr,way_to_go_10_images_20260814,20260814_233809.jpg,0.96
listen (to),聽；傾聽,verb,irregular_verb,Class 5,First Semester,U1,p.6,,,verb_forms,listen,listen|listened|listened,en_zh_choice|zh_en_choice|listening|spelling|verb_forms,,,missing,listen,listened,listened,,,,,,,,,No,,ocr,way_to_go_10_images_20260814,20260814_233809.jpg,0.96
once,一次,adverb,word,Class 5,First Semester,U1,p.6,,,word,once,once,en_zh_choice|zh_en_choice|listening|spelling,,,missing,,,,,,,,,,,,No,,ocr,way_to_go_10_images_20260814,20260814_233809.jpg,0.96
twice,兩次,adverb,word,Class 5,First Semester,U1,p.6,,,word,twice,twice,en_zh_choice|zh_en_choice|listening|spelling,,,missing,,,,,,,,,,,,No,,ocr,way_to_go_10_images_20260814,20260814_233809.jpg,0.96
time,次數,noun,word,Class 5,First Semester,U1,p.6,,,word,time,time,en_zh_choice|zh_en_choice|listening|spelling,,,missing,,,,,,,,,,,,No,,ocr,way_to_go_10_images_20260814,20260814_233809.jpg,0.96
caviar,魚子醬,noun,word,Class 5,First Semester,U1,p.6,,,word,caviar,caviar,en_zh_choice|zh_en_choice|listening|spelling,,,missing,,,,,,,,,,,,No,,ocr,way_to_go_10_images_20260814,20260814_233809.jpg,0.96
chemistry,化學,noun,word,Class 5,First Semester,U1,p.6,,,word,chemistry,chemistry,en_zh_choice|zh_en_choice|listening|spelling,,,missing,,,,,,,,,,,,No,,ocr,way_to_go_10_images_20260814,20260814_233809.jpg,0.96
chat (with),（與某人）聊天,verb,phrase,Class 6,First Semester,U1,p.7,,,phrase,chat (with),chat,en_zh_choice|zh_en_choice|listening|spelling,,,missing,,,,,,,,,,,,No,,ocr,way_to_go_10_images_20260814,20260814_233809.jpg,0.96
weather,天氣,noun,phrase,Class 6,First Semester,U1,p.7,,,phrase,weather,weather,en_zh_choice|zh_en_choice|listening|spelling,,,missing,,,,,,,,,,,,No,,ocr,way_to_go_10_images_20260814,20260814_233809.jpg,0.96
Swan Lake,天鵝湖,noun,phrase,Class 6,First Semester,U1,p.7,,,phrase,Swan Lake,Swan Lake,en_zh_choice|zh_en_choice|listening|spelling,,,missing,,,,,,,,,,,,No,,ocr,way_to_go_10_images_20260814,20260814_233809.jpg,0.96
snail,蝸牛,noun,phrase,Class 6,First Semester,U1,p.7,,,phrase,snail,snail,en_zh_choice|zh_en_choice|listening|spelling,,,missing,,,,,,,,,,,,No,,ocr,way_to_go_10_images_20260814,20260814_233809.jpg,0.96
café,咖啡館,noun,phrase,Class 6,First Semester,U1,p.7,,,phrase,café,café,en_zh_choice|zh_en_choice|listening|spelling,,,missing,,,,,,,,,,,,No,,ocr,way_to_go_10_images_20260814,20260814_233809.jpg,0.96
by the way,順帶一提；對了,adverb,phrase,Class 6,First Semester,U1,p.7,,,phrase,by the way,by the way,en_zh_choice|zh_en_choice|listening|spelling,,,missing,,,,,,,,,,,,No,,ocr,way_to_go_10_images_20260814,20260814_233809.jpg,0.96
taste (+ Adj),嚐起來…,verb,phrase,Class 6,First Semester,U1,p.7,,,phrase,taste (+ Adj),taste,en_zh_choice|zh_en_choice|listening|spelling,,,missing,,,,,,,,,,,,No,,ocr,way_to_go_10_images_20260814,20260814_233809.jpg,0.96
famous,有名的,adjective,phrase,Class 6,First Semester,U1,p.7,,,phrase,famous,famous,en_zh_choice|zh_en_choice|listening|spelling,,,missing,,,,,,,,,,,,No,,ocr,way_to_go_10_images_20260814,20260814_233809.jpg,0.96
mean,意思是；表示,verb,irregular_verb,Class 7,First Semester,U1,p.8,,,verb_forms,mean,mean|meant|meant,en_zh_choice|zh_en_choice|listening|spelling|verb_forms,,,missing,mean,meant,meant,,,,,,,,,No,,ocr,way_to_go_10_images_20260814,20260814_233823.jpg,0.96
look forward to (N / Ving),期待（某事／做某事）,verb_phrase,phrase,Class 7,First Semester,U1,p.8,,,phrase,,look forward to,en_zh_choice|zh_en_choice|listening|spelling,,,missing,,,,,,,,,,,,No,,ocr,way_to_go_10_images_20260814,20260814_233823.jpg,0.96
hope to V,希望；期望,verb_phrase,phrase,Class 7,First Semester,U1,p.8,,,phrase,hope to V,hope to V,en_zh_choice|zh_en_choice|listening|spelling,,,missing,,,,,,,,,,,,No,,ocr,way_to_go_10_images_20260814,20260814_233823.jpg,0.96
a little,一些（+不可數 N）,adverb,phrase,Class 7,First Semester,U1,p.8,,,phrase,a little,a little,en_zh_choice|zh_en_choice|listening|spelling,,,missing,,,,,,,,,,,,No,,ocr,way_to_go_10_images_20260814,20260814_233823.jpg,0.96
a few,一些（+可數 N）,adverb,phrase,Class 7,First Semester,U1,p.8,,,phrase,a few,a few,en_zh_choice|zh_en_choice|listening|spelling,,,missing,,,,,,,,,,,,No,,ocr,way_to_go_10_images_20260814,20260814_233823.jpg,0.96
so far,到目前為止,adverb,phrase,Class 7,First Semester,U1,p.8,,,phrase,so far,so far,en_zh_choice|zh_en_choice|listening|spelling,,,missing,,,,,,,,,,,,No,,ocr,way_to_go_10_images_20260814,20260814_233823.jpg,0.96
especially,特別地；尤其,adverb,phrase,Class 7,First Semester,U1,p.8,,,phrase,especially,especially,en_zh_choice|zh_en_choice|listening|spelling,,,missing,,,,,,,,,,,,No,,ocr,way_to_go_10_images_20260814,20260814_233823.jpg,0.96
kind of (+ Adj),有點…,adverb,phrase,Class 7,First Semester,U1,p.8,,,phrase,kind of (+ Adj),kind of,en_zh_choice|zh_en_choice|listening|spelling,,,missing,,,,,,,,,,,,No,,ocr,way_to_go_10_images_20260814,20260814_233823.jpg,0.96
kind,種類,noun,phrase,Class 7,First Semester,U1,p.8,,,phrase,kind,kind,en_zh_choice|zh_en_choice|listening|spelling,,,missing,,,,,,,,,,,,No,,ocr,way_to_go_10_images_20260814,20260814_233823.jpg,0.96
perfume,香水,noun,phrase,Class 7,First Semester,U1,p.8,,,phrase,perfume,perfume,en_zh_choice|zh_en_choice|listening|spelling,,,missing,,,,,,,,,,,,No,,ocr,way_to_go_10_images_20260814,20260814_233823.jpg,0.96
Italian,義大利文,noun,phrase,Class 7,First Semester,U1,p.8,,,phrase,Italian,Italian,en_zh_choice|zh_en_choice|listening|spelling,,,missing,,,,,,,,,,,,No,,ocr,way_to_go_10_images_20260814,20260814_233823.jpg,0.96
begin,開始,verb,irregular_verb,Class 8,First Semester,U1,p.9,,,verb_forms,begin,begin|began|begun,en_zh_choice|zh_en_choice|listening|spelling|verb_forms,,,missing,begin,began,begun,,,,,,,,,No,,ocr,way_to_go_10_images_20260814,20260814_233823.jpg,0.96
indent,縮排（不造句）,verb,word,Class 8,First Semester,U1,p.9,,,word,indent,indent,en_zh_choice|zh_en_choice|listening|spelling,,,missing,,,,,,,,,,,,No,,ocr,way_to_go_10_images_20260814,20260814_233823.jpg,0.96
paragraph,文章的段落,noun,word,Class 8,First Semester,U1,p.9,,,word,paragraph,paragraph,en_zh_choice|zh_en_choice|listening|spelling,,,missing,,,,,,,,,,,,No,,ocr,way_to_go_10_images_20260814,20260814_233823.jpg,0.96
topic,主題,noun,word,Class 8,First Semester,U1,p.9,,,word,topic,topic,en_zh_choice|zh_en_choice|listening|spelling,,,missing,,,,,,,,,,,,No,,ocr,way_to_go_10_images_20260814,20260814_233823.jpg,0.96
rule,規則,noun,word,Class 8,First Semester,U1,p.9,,,word,rule,rule,en_zh_choice|zh_en_choice|listening|spelling,,,missing,,,,,,,,,,,,No,,ocr,way_to_go_10_images_20260814,20260814_233823.jpg,0.96
capital letter,大寫字母,noun,word,Class 8,First Semester,U1,p.9,,,word,capital letter,capital letter,en_zh_choice|zh_en_choice|listening|spelling,,,missing,,,,,,,,,,,,No,,ocr,way_to_go_10_images_20260814,20260814_233823.jpg,0.96
period,句號,noun,word,Class 8,First Semester,U1,p.9,,,word,period,period,en_zh_choice|zh_en_choice|listening|spelling,,,missing,,,,,,,,,,,,No,,ocr,way_to_go_10_images_20260814,20260814_233823.jpg,0.96
question mark,問號,noun,word,Class 8,First Semester,U1,p.9,,,word,question mark,question mark,en_zh_choice|zh_en_choice|listening|spelling,,,missing,,,,,,,,,,,,No,,ocr,way_to_go_10_images_20260814,20260814_233823.jpg,0.96
exclamation point,驚嘆號,noun,word,Class 8,First Semester,U1,p.9,,,word,exclamation point,exclamation point,en_zh_choice|zh_en_choice|listening|spelling,,,missing,,,,,,,,,,,,No,,ocr,way_to_go_10_images_20260814,20260814_233823.jpg,0.96
sentence,句子,noun,word,Class 8,First Semester,U1,p.9,,,word,sentence,sentence,en_zh_choice|zh_en_choice|listening|spelling,,,missing,,,,,,,,,,,,No,,ocr,way_to_go_10_images_20260814,20260814_233823.jpg,0.96
line,（文章的）行,noun,word,Class 8,First Semester,U1,p.9,,,word,line,line,en_zh_choice|zh_en_choice|listening|spelling,,,missing,,,,,,,,,,,,No,,ocr,way_to_go_10_images_20260814,20260814_233823.jpg,0.96
space,空格,noun,word,Class 8,First Semester,U1,p.9,,,word,space,space,en_zh_choice|zh_en_choice|listening|spelling,,,missing,,,,,,,,,,,,No,,ocr,way_to_go_10_images_20260814,20260814_233823.jpg,0.96
Hong Kong,香港,noun,word,Class 8,First Semester,U1,p.9,,,word,Hong Kong,Hong Kong,en_zh_choice|zh_en_choice|listening|spelling,,,missing,,,,,,,,,,,,No,,ocr,way_to_go_10_images_20260814,20260814_233823.jpg,0.96
Mexico,墨西哥,noun,word,Class 8,First Semester,U1,p.9,,,word,Mexico,Mexico,en_zh_choice|zh_en_choice|listening|spelling,,,missing,,,,,,,,,,,,No,,ocr,way_to_go_10_images_20260814,20260814_233823.jpg,0.96
forever,永遠,adverb,word,Class 8,First Semester,U1,p.9,,,word,forever,forever,en_zh_choice|zh_en_choice|listening|spelling,,,missing,,,,,,,,,,,,No,,ocr,way_to_go_10_images_20260814,20260814_233823.jpg,0.96
each,每一,adjective,word,Class 8,First Semester,U1,p.9,,,word,each,each,en_zh_choice|zh_en_choice|listening|spelling,,,missing,,,,,,,,,,,,No,,ocr,way_to_go_10_images_20260814,20260814_233823.jpg,0.96
choice,選擇,noun,phrase,Class 9,First Semester,U2,p.11,,,phrase,choice,choice,en_zh_choice|zh_en_choice|listening|spelling,,,missing,,,,,,,,,,,,No,,ocr,way_to_go_10_images_20260814,20260814_233828.jpg,0.96
keyboard,鍵盤,noun,phrase,Class 9,First Semester,U2,p.11,,,phrase,keyboard,keyboard,en_zh_choice|zh_en_choice|listening|spelling,,,missing,,,,,,,,,,,,No,,ocr,way_to_go_10_images_20260814,20260814_233828.jpg,0.96
mouse,滑鼠,noun,phrase,Class 9,First Semester,U2,p.11,,,phrase,mouse,mouse,en_zh_choice|zh_en_choice|listening|spelling,,,missing,,,,,,,,,,,,No,,ocr,way_to_go_10_images_20260814,20260814_233828.jpg,0.96
monitor,螢幕；監視器,noun,phrase,Class 9,First Semester,U2,p.11,,,phrase,monitor,monitor,en_zh_choice|zh_en_choice|listening|spelling,,,missing,,,,,,,,,,,,No,,ocr,way_to_go_10_images_20260814,20260814_233828.jpg,0.96
flat screen monitor,平面螢幕,noun,phrase,Class 9,First Semester,U2,p.11,,,phrase,flat screen monitor,flat screen monitor,en_zh_choice|zh_en_choice|listening|spelling,,,missing,,,,,,,,,,,,No,,ocr,way_to_go_10_images_20260814,20260814_233828.jpg,0.96
web camera,網路攝影機,noun,phrase,Class 9,First Semester,U2,p.11,,,phrase,web camera,web camera,en_zh_choice|zh_en_choice|listening|spelling,,,missing,,,,,,,,,,,,No,,ocr,way_to_go_10_images_20260814,20260814_233828.jpg,0.96
scanner,掃瞄機,noun,phrase,Class 9,First Semester,U2,p.11,,,phrase,scanner,scanner,en_zh_choice|zh_en_choice|listening|spelling,,,missing,,,,,,,,,,,,No,,ocr,way_to_go_10_images_20260814,20260814_233828.jpg,0.96
notebook = laptop,筆記型電腦,noun,phrase,Class 9,First Semester,U2,p.11,,,phrase,,notebook = laptop,en_zh_choice|zh_en_choice|listening|spelling,,,missing,,,,,,,,,,,,No,,ocr,way_to_go_10_images_20260814,20260814_233828.jpg,0.96
printer,印表機,noun,phrase,Class 9,First Semester,U2,p.11,,,phrase,printer,printer,en_zh_choice|zh_en_choice|listening|spelling,,,missing,,,,,,,,,,,,No,,ocr,way_to_go_10_images_20260814,20260814_233828.jpg,0.96
speaker,喇叭,noun,phrase,Class 9,First Semester,U2,p.11,,,phrase,speaker,speaker,en_zh_choice|zh_en_choice|listening|spelling,,,missing,,,,,,,,,,,,No,,ocr,way_to_go_10_images_20260814,20260814_233828.jpg,0.96
price,價錢,noun,phrase,Class 9,First Semester,U2,p.11,,,phrase,price,price,en_zh_choice|zh_en_choice|listening|spelling,,,missing,,,,,,,,,,,,No,,ocr,way_to_go_10_images_20260814,20260814_233828.jpg,0.96
in total,總額,noun,phrase,Class 9,First Semester,U2,p.11,,,phrase,in total,in total,en_zh_choice|zh_en_choice|listening|spelling,,,missing,,,,,,,,,,,,No,,ocr,way_to_go_10_images_20260814,20260814_233828.jpg,0.96
include,包含；包括,noun,phrase,Class 9,First Semester,U2,p.11,,,phrase,include,include,en_zh_choice|zh_en_choice|listening|spelling,,,missing,,,,,,,,,,,,No,,ocr,way_to_go_10_images_20260814,20260814_233828.jpg,0.96
come with,和…一起；附贈,noun,phrase,Class 9,First Semester,U2,p.11,,,phrase,come with,come with,en_zh_choice|zh_en_choice|listening|spelling,,,missing,,,,,,,,,,,,No,,ocr,way_to_go_10_images_20260814,20260814_233828.jpg,0.96
hear,聽說；聽見,verb,irregular_verb,Class 10,First Semester,U2,p.12,,,verb_forms,hear,hear|heard|heard,en_zh_choice|zh_en_choice|listening|spelling|verb_forms,,,missing,hear,heard,heard,,,,,,,,,No,,ocr,way_to_go_10_images_20260814,20260814_233828.jpg,0.96
take,拿；搭；帶；參加考試；上課,verb,irregular_verb,Class 10,First Semester,U2,p.12,,,verb_forms,take,take|took|taken,en_zh_choice|zh_en_choice|listening|spelling|verb_forms,,,missing,take,took,taken,,,,,,,,,No,,ocr,way_to_go_10_images_20260814,20260814_233828.jpg,0.96
pay,付款,verb,irregular_verb,Class 10,First Semester,U2,p.12,,,verb_forms,pay,pay|paid|paid,en_zh_choice|zh_en_choice|listening|spelling|verb_forms,,,missing,pay,paid,paid,,,,,,,,,No,,ocr,way_to_go_10_images_20260814,20260814_233828.jpg,0.96
buy,買；購買,verb,irregular_verb,Class 10,First Semester,U2,p.12,,,verb_forms,buy,buy|bought|bought,en_zh_choice|zh_en_choice|listening|spelling|verb_forms,,,missing,buy,bought,bought,,,,,,,,,No,,ocr,way_to_go_10_images_20260814,20260814_233828.jpg,0.96
finish + Ving,完成做某事,verb,irregular_verb,Class 10,First Semester,U2,p.12,,,verb_forms,finish,finish|finished|finished,en_zh_choice|zh_en_choice|listening|spelling|verb_forms,,,missing,finish,finished,finished,,,,,,,,,No,,ocr,way_to_go_10_images_20260814,20260814_233828.jpg,0.96
fire,解雇；開除,verb,irregular_verb,Class 10,First Semester,U2,p.12,,,verb_forms,fire,fire|fired|fired,en_zh_choice|zh_en_choice|listening|spelling|verb_forms,,,missing,fire,fired,fired,,,,,,,,,No,,ocr,way_to_go_10_images_20260814,20260814_233828.jpg,0.96
talk to,和…說話,verb,irregular_verb,Class 10,First Semester,U2,p.12,,,verb_forms,talk,talk|talked|talked,en_zh_choice|zh_en_choice|listening|spelling|verb_forms,,,missing,talk,talked,talked,,,,,,,,,No,,ocr,way_to_go_10_images_20260814,20260814_233828.jpg,0.96
rumor,謠言,noun,word,Class 10,First Semester,U2,p.12,,,word,rumor,rumor,en_zh_choice|zh_en_choice|listening|spelling,,,missing,,,,,,,,,,,,No,,ocr,way_to_go_10_images_20260814,20260814_233828.jpg,0.96
bill,帳單,noun,word,Class 10,First Semester,U2,p.12,,,word,bill,bill,en_zh_choice|zh_en_choice|listening|spelling,,,missing,,,,,,,,,,,,No,,ocr,way_to_go_10_images_20260814,20260814_233828.jpg,0.96
boss,老闆,noun,word,Class 10,First Semester,U2,p.12,,,word,boss,boss,en_zh_choice|zh_en_choice|listening|spelling,,,missing,,,,,,,,,,,,No,,ocr,way_to_go_10_images_20260814,20260814_233828.jpg,0.96
principal,校長,noun,word,Class 10,First Semester,U2,p.12,,,word,principal,principal,en_zh_choice|zh_en_choice|listening|spelling,,,missing,,,,,,,,,,,,No,,ocr,way_to_go_10_images_20260814,20260814_233828.jpg,0.96
get in line,排隊,verb_phrase,phrase,Class 11,First Semester,U2,p.10,,,phrase,get in line,get in line,en_zh_choice|zh_en_choice|listening|spelling,,,missing,,,,,,,,,,,,No,,ocr,way_to_go_10_images_20260814,20260814_233837.jpg,0.96
take a look (+ at N),看一下（…東西）,verb_phrase,phrase,Class 11,First Semester,U2,p.10,,,phrase,take a look (+ at N),take a look,en_zh_choice|zh_en_choice|listening|spelling,,,missing,,,,,,,,,,,,No,,ocr,way_to_go_10_images_20260814,20260814_233837.jpg,0.96
check out,試試；看看,verb_phrase,phrase,Class 11,First Semester,U2,p.10,,,phrase,check out,check out,en_zh_choice|zh_en_choice|listening|spelling,,,missing,,,,,,,,,,,,No,,ocr,way_to_go_10_images_20260814,20260814_233837.jpg,0.96
throw in,免費贈送,verb_phrase,phrase,Class 11,First Semester,U2,p.10,,,phrase,throw in,throw in,en_zh_choice|zh_en_choice|listening|spelling,,,missing,,,,,,,,,,,,No,,ocr,way_to_go_10_images_20260814,20260814_233837.jpg,0.96
certainly,的確；當然,adverb,phrase,Class 11,First Semester,U2,p.10,,,phrase,certainly,certainly,en_zh_choice|zh_en_choice|listening|spelling,,,missing,,,,,,,,,,,,No,,ocr,way_to_go_10_images_20260814,20260814_233837.jpg,0.96
packed,擁擠的,adjective,phrase,Class 11,First Semester,U2,p.10,,,phrase,packed,packed,en_zh_choice|zh_en_choice|listening|spelling,,,missing,,,,,,,,,,,,No,,ocr,way_to_go_10_images_20260814,20260814_233837.jpg,0.96
plus,加上,preposition,phrase,Class 11,First Semester,U2,p.10,,,phrase,plus,plus,en_zh_choice|zh_en_choice|listening|spelling,,,missing,,,,,,,,,,,,No,,ocr,way_to_go_10_images_20260814,20260814_233837.jpg,0.96
joystick,搖桿,noun,phrase,Class 11,First Semester,U2,p.10,,,phrase,joystick,joystick,en_zh_choice|zh_en_choice|listening|spelling,,,missing,,,,,,,,,,,,No,,ocr,way_to_go_10_images_20260814,20260814_233837.jpg,0.96
steering wheel,方向盤,noun,phrase,Class 11,First Semester,U2,p.10,,,phrase,steering wheel,steering wheel,en_zh_choice|zh_en_choice|listening|spelling,,,missing,,,,,,,,,,,,No,,ocr,way_to_go_10_images_20260814,20260814_233837.jpg,0.96
paper,報告,noun,phrase,Class 11,First Semester,U2,p.10,,,phrase,paper,paper,en_zh_choice|zh_en_choice|listening|spelling,,,missing,,,,,,,,,,,,No,,ocr,way_to_go_10_images_20260814,20260814_233837.jpg,0.96
PC = personal computer,個人電腦,noun,phrase,Class 11,First Semester,U2,p.10,,,phrase,,PC = personal computer,en_zh_choice|zh_en_choice|listening|spelling,,,missing,,,,,,,,,,,,No,,ocr,way_to_go_10_images_20260814,20260814_233837.jpg,0.96
Internet,網路,noun,phrase,Class 11,First Semester,U2,p.10,,,phrase,Internet,Internet,en_zh_choice|zh_en_choice|listening|spelling,,,missing,,,,,,,,,,,,No,,ocr,way_to_go_10_images_20260814,20260814_233837.jpg,0.96
access,使用或觀看的權利（不造句）,noun,phrase,Class 11,First Semester,U2,p.10,,,phrase,access,access,en_zh_choice|zh_en_choice|listening|spelling,,,missing,,,,,,,,,,,,No,,ocr,way_to_go_10_images_20260814,20260814_233837.jpg,0.96
swim,游泳,verb,irregular_verb,Class 12,First Semester,U2,p.13,,,verb_forms,swim,swim|swam|swum,en_zh_choice|zh_en_choice|listening|spelling|verb_forms,,,missing,swim,swam,swum,,,,,,,,,Yes,影像中的原形字樣不清，依常見動詞修正為 swim，請核對原圖,ocr,way_to_go_10_images_20260814,20260814_233842.jpg,0.96
go,去；去從事（某活動或運動）,verb,irregular_verb,Class 12,First Semester,U2,p.13,,,verb_forms,go,go|went|gone,en_zh_choice|zh_en_choice|listening|spelling|verb_forms,,,missing,go,went,gone,,,,,,,,,No,,ocr,way_to_go_10_images_20260814,20260814_233842.jpg,0.96
fall in love,談戀愛,verb,irregular_verb,Class 12,First Semester,U2,p.13,,,verb_forms,fall,fall|fell in love|fallen in love,en_zh_choice|zh_en_choice|listening|spelling|verb_forms,,,missing,fall,fell in love,fallen in love,,,,,,,,,No,,ocr,way_to_go_10_images_20260814,20260814_233842.jpg,0.96
sing,唱歌；演唱,verb,irregular_verb,Class 12,First Semester,U2,p.13,,,verb_forms,sing,sing|sang|sung,en_zh_choice|zh_en_choice|listening|spelling|verb_forms,,,missing,sing,sang,sung,,,,,,,,,No,,ocr,way_to_go_10_images_20260814,20260814_233842.jpg,0.96
steal,偷；偷竊,verb,irregular_verb,Class 12,First Semester,U2,p.13,,,verb_forms,steal,steal|stole|stolen,en_zh_choice|zh_en_choice|listening|spelling|verb_forms,,,missing,steal,stole,stolen,,,,,,,,,No,,ocr,way_to_go_10_images_20260814,20260814_233842.jpg,0.96
tell,告訴；告知,verb,irregular_verb,Class 12,First Semester,U2,p.13,,,verb_forms,tell,tell|told|told,en_zh_choice|zh_en_choice|listening|spelling|verb_forms,,,missing,tell,told,told,,,,,,,,,No,,ocr,way_to_go_10_images_20260814,20260814_233842.jpg,0.96
cheat,作弊,verb,irregular_verb,Class 12,First Semester,U2,p.13,,,verb_forms,cheat,cheat|cheated|cheated,en_zh_choice|zh_en_choice|listening|spelling|verb_forms,,,missing,cheat,cheated,cheated,,,,,,,,,No,,ocr,way_to_go_10_images_20260814,20260814_233842.jpg,0.96
surf,衝浪,verb,irregular_verb,Class 12,First Semester,U2,p.13,,,verb_forms,surf,surf|surfed|surfed,en_zh_choice|zh_en_choice|listening|spelling|verb_forms,,,missing,surf,surfed,surfed,,,,,,,,,No,,ocr,way_to_go_10_images_20260814,20260814_233842.jpg,0.96
tell a lie,說謊,verb_phrase,phrase,Class 12,First Semester,U2,p.13,,,phrase,tell a lie,tell a lie,en_zh_choice|zh_en_choice|listening|spelling,,,missing,,,,,,,,,,,,No,,ocr,way_to_go_10_images_20260814,20260814_233842.jpg,0.96
scuba diving,（背氧氣筒）潛水,noun,phrase,Class 12,First Semester,U2,p.13,,,phrase,scuba diving,scuba diving,en_zh_choice|zh_en_choice|listening|spelling,,,missing,,,,,,,,,,,,No,,ocr,way_to_go_10_images_20260814,20260814_233842.jpg,0.96
ever,曾經（通常用在問句）,adverb,phrase,Class 12,First Semester,U2,p.13,,,phrase,ever,ever,en_zh_choice|zh_en_choice|listening|spelling,,,missing,,,,,,,,,,,,No,,ocr,way_to_go_10_images_20260814,20260814_233842.jpg,0.96
have,有；吃,verb,irregular_verb,Class 13,First Semester,U2,p.14,,,verb_forms,have,have|had|had,en_zh_choice|zh_en_choice|listening|spelling|verb_forms,,,missing,have,had,had,,,,,,,,,No,,ocr,way_to_go_10_images_20260814,20260814_233842.jpg,0.96
give,給；交給,verb,irregular_verb,Class 13,First Semester,U2,p.14,,,verb_forms,give,give|gave|given,en_zh_choice|zh_en_choice|listening|spelling|verb_forms,,,missing,give,gave,given,,,,,,,,,No,,ocr,way_to_go_10_images_20260814,20260814_233842.jpg,0.96
make,做；製造,verb,irregular_verb,Class 13,First Semester,U2,p.14,,,verb_forms,make,make|made|made,en_zh_choice|zh_en_choice|listening|spelling|verb_forms,,,missing,make,made,made,,,,,,,,,No,,ocr,way_to_go_10_images_20260814,20260814_233842.jpg,0.96
come,來；來到（某地）,verb,irregular_verb,Class 13,First Semester,U2,p.14,,,verb_forms,come,come|came|come,en_zh_choice|zh_en_choice|listening|spelling|verb_forms,,,missing,come,came,come,,,,,,,,,No,,ocr,way_to_go_10_images_20260814,20260814_233842.jpg,0.96
wake,弄醒；醒,verb,irregular_verb,Class 13,First Semester,U2,p.14,,,verb_forms,wake,wake|woke|woken,en_zh_choice|zh_en_choice|listening|spelling|verb_forms,,,missing,wake,woke,woken,,,,,,,,,No,,ocr,way_to_go_10_images_20260814,20260814_233842.jpg,0.96
wash,洗；洗淨,verb,irregular_verb,Class 13,First Semester,U2,p.14,,,verb_forms,wash,wash|washed|washed,en_zh_choice|zh_en_choice|listening|spelling|verb_forms,,,missing,wash,washed,washed,,,,,,,,,No,,ocr,way_to_go_10_images_20260814,20260814_233842.jpg,0.96
call,打電話（call <Sb>）,verb,irregular_verb,Class 13,First Semester,U2,p.14,,,verb_forms,call,call|called|called,en_zh_choice|zh_en_choice|listening|spelling|verb_forms,,,missing,call,called,called,,,,,,,,,No,,ocr,way_to_go_10_images_20260814,20260814_233842.jpg,0.96
clean,清理；打掃,verb,irregular_verb,Class 13,First Semester,U2,p.14,,,verb_forms,clean,clean|cleaned|cleaned,en_zh_choice|zh_en_choice|listening|spelling|verb_forms,,,missing,clean,cleaned,cleaned,,,,,,,,,No,,ocr,way_to_go_10_images_20260814,20260814_233842.jpg,0.96
already,已經（大多用在肯定句）,adverb,phrase,Class 13,First Semester,U2,p.14,,,phrase,already,already,en_zh_choice|zh_en_choice|listening|spelling,,,missing,,,,,,,,,,,,No,,ocr,way_to_go_10_images_20260814,20260814_233842.jpg,0.96
yet,尚未；還沒（不可用於肯定句）,adverb,phrase,Class 13,First Semester,U2,p.14,,,phrase,yet,yet,en_zh_choice|zh_en_choice|listening|spelling,,,missing,,,,,,,,,,,,No,,ocr,way_to_go_10_images_20260814,20260814_233842.jpg,0.96
topic sentence,主題句,phrase,phrase,Class 14,First Semester,U2,p.17,,,phrase,topic sentence,topic sentence,en_zh_choice|zh_en_choice|listening|spelling,,,missing,,,,,,,,,,,,No,,ocr,way_to_go_10_images_20260814,20260814_233850.jpg,0.96
supporting sentence,支持句,phrase,phrase,Class 14,First Semester,U2,p.17,,,phrase,supporting sentence,supporting sentence,en_zh_choice|zh_en_choice|listening|spelling,,,missing,,,,,,,,,,,,No,,ocr,way_to_go_10_images_20260814,20260814_233850.jpg,0.96
concluding sentence,結尾句,phrase,phrase,Class 14,First Semester,U2,p.17,,,phrase,concluding sentence,concluding sentence,en_zh_choice|zh_en_choice|listening|spelling,,,missing,,,,,,,,,,,,No,,ocr,way_to_go_10_images_20260814,20260814_233850.jpg,0.96
fact,事實,phrase,phrase,Class 14,First Semester,U2,p.17,,,phrase,fact,fact,en_zh_choice|zh_en_choice|listening|spelling,,,missing,,,,,,,,,,,,No,,ocr,way_to_go_10_images_20260814,20260814_233850.jpg,0.96
example,例子；範例,phrase,phrase,Class 14,First Semester,U2,p.17,,,phrase,example,example,en_zh_choice|zh_en_choice|listening|spelling,,,missing,,,,,,,,,,,,No,,ocr,way_to_go_10_images_20260814,20260814_233850.jpg,0.96
description,敘述,phrase,phrase,Class 14,First Semester,U2,p.17,,,phrase,description,description,en_zh_choice|zh_en_choice|listening|spelling,,,missing,,,,,,,,,,,,No,,ocr,way_to_go_10_images_20260814,20260814_233850.jpg,0.96
ending,結尾；結局,phrase,phrase,Class 14,First Semester,U2,p.17,,,phrase,ending,ending,en_zh_choice|zh_en_choice|listening|spelling,,,missing,,,,,,,,,,,,No,,ocr,way_to_go_10_images_20260814,20260814_233850.jpg,0.96
indicate,表明；指出,phrase,phrase,Class 14,First Semester,U2,p.17,,,phrase,indicate,indicate,en_zh_choice|zh_en_choice|listening|spelling,,,missing,,,,,,,,,,,,No,,ocr,way_to_go_10_images_20260814,20260814_233850.jpg,0.96
provide,提供,phrase,phrase,Class 14,First Semester,U2,p.17,,,phrase,provide,provide,en_zh_choice|zh_en_choice|listening|spelling,,,missing,,,,,,,,,,,,No,,ocr,way_to_go_10_images_20260814,20260814_233850.jpg,0.96
explain,解釋,phrase,phrase,Class 14,First Semester,U2,p.17,,,phrase,explain,explain,en_zh_choice|zh_en_choice|listening|spelling,,,missing,,,,,,,,,,,,No,,ocr,way_to_go_10_images_20260814,20260814_233850.jpg,0.96
wrap up,總結,phrase,phrase,Class 14,First Semester,U2,p.17,,,phrase,wrap up,wrap up,en_zh_choice|zh_en_choice|listening|spelling,,,missing,,,,,,,,,,,,No,,ocr,way_to_go_10_images_20260814,20260814_233850.jpg,0.96
get dressed,著裝,phrase,phrase,Class 14,First Semester,U2,p.17,,,phrase,get dressed,get dressed,en_zh_choice|zh_en_choice|listening|spelling,,,missing,,,,,,,,,,,,No,,ocr,way_to_go_10_images_20260814,20260814_233850.jpg,0.96
<Sth> take <Sb> <time> (to V),（某事）花費（某人）（時間）（去做某事）,phrase,phrase,Class 14,First Semester,U2,p.17,,,phrase,,<Sth> take <Sb> <time>,en_zh_choice|zh_en_choice|listening|spelling,,,missing,,,,,,,,,,,,No,,ocr,way_to_go_10_images_20260814,20260814_233850.jpg,0.96
far,距離遙遠的,phrase,phrase,Class 14,First Semester,U2,p.17,,,phrase,far,far,en_zh_choice|zh_en_choice|listening|spelling,,,missing,,,,,,,,,,,,No,,ocr,way_to_go_10_images_20260814,20260814_233850.jpg,0.96
ring,（鈴；電話）響,verb,irregular_verb,Class 15,First Semester,U2,p.15,,,verb_forms,ring,ring|rang|rung,en_zh_choice|zh_en_choice|listening|spelling|verb_forms,,,missing,ring,rang,rung,,,,,,,,,No,,ocr,way_to_go_10_images_20260814,20260814_233850.jpg,0.96
get to,到達（+ place）,verb,irregular_verb,Class 15,First Semester,U2,p.15,,,verb_forms,get,get|got to|gotten to,en_zh_choice|zh_en_choice|listening|spelling|verb_forms,,,missing,get,got to,gotten to,,,,,,,,,No,,ocr,way_to_go_10_images_20260814,20260814_233850.jpg,0.96
hang up,掛斷（電話）,verb,irregular_verb,Class 15,First Semester,U2,p.15,,,verb_forms,hang,hang|hung up|hung up,en_zh_choice|zh_en_choice|listening|spelling|verb_forms,,,missing,hang,hung up,hung up,,,,,,,,,No,,ocr,way_to_go_10_images_20260814,20260814_233850.jpg,0.96
put,放；放置,verb,irregular_verb,Class 15,First Semester,U2,p.15,,,verb_forms,put,put|put|put,en_zh_choice|zh_en_choice|listening|spelling|verb_forms,,,missing,put,put,put,,,,,,,,,No,,ocr,way_to_go_10_images_20260814,20260814_233850.jpg,0.96
arrive,到達,verb,irregular_verb,Class 15,First Semester,U2,p.15,,,verb_forms,arrive,arrive|arrived|arrived,en_zh_choice|zh_en_choice|listening|spelling|verb_forms,,,missing,arrive,arrived,arrived,,,,,,,,,No,,ocr,way_to_go_10_images_20260814,20260814_233850.jpg,0.96
push,推；按,verb,irregular_verb,Class 15,First Semester,U2,p.15,,,verb_forms,push,push|pushed|pushed,en_zh_choice|zh_en_choice|listening|spelling|verb_forms,,,missing,push,pushed,pushed,,,,,,,,,No,,ocr,way_to_go_10_images_20260814,20260814_233850.jpg,0.96
work,（機器）運轉；運作,verb,irregular_verb,Class 15,First Semester,U2,p.15,,,verb_forms,work,work|worked|worked,en_zh_choice|zh_en_choice|listening|spelling|verb_forms,,,missing,work,worked,worked,,,,,,,,,No,,ocr,way_to_go_10_images_20260814,20260814_233850.jpg,0.96
button,按鈕,phrase,phrase,Class 15,First Semester,U2,p.15,,,phrase,button,button,en_zh_choice|zh_en_choice|listening|spelling,,,missing,,,,,,,,,,,,No,,ocr,way_to_go_10_images_20260814,20260814_233850.jpg,0.96
can't / couldn't wait,等不及；迫不及待,phrase,phrase,Class 15,First Semester,U2,p.15,,,phrase,,can't / couldn't wait,en_zh_choice|zh_en_choice|listening|spelling,,,missing,,,,,,,,,,,,No,,ocr,way_to_go_10_images_20260814,20260814_233850.jpg,0.96
as,當…的時候,phrase,phrase,Class 15,First Semester,U2,p.15,,,phrase,as,as,en_zh_choice|zh_en_choice|listening|spelling,,,missing,,,,,,,,,,,,No,,ocr,way_to_go_10_images_20260814,20260814_233850.jpg,0.96
"be (am, are, is / was, were / been)",是；當,grammar,grammar_form,Class 18,First Semester,U3,p.20,,,grammar_pattern,,be,en_zh_choice|zh_en_choice|cloze,,,missing,,,,,,,,,,,,Yes,文法模板或插槽需確認,ocr,way_to_go_10_images_20260814,20260814_233908.jpg,0.92
since <+ a particular time in the past>,自從（從過去某個特定時間動作開始持續到現在）,phrase,phrase,Class 18,First Semester,U3,p.20,,,phrase,,since <+ a particular time in the past>,en_zh_choice|zh_en_choice|listening|spelling,,,missing,,,,,,,,,,,,No,,ocr,way_to_go_10_images_20260814,20260814_233908.jpg,0.96
dentist,牙醫,noun,word,Class 18,First Semester,U3,p.20,,,word,dentist,dentist,en_zh_choice|zh_en_choice|listening|spelling,,,missing,,,,,,,,,,,,No,,ocr,way_to_go_10_images_20260814,20260814_233908.jpg,0.96
vet,獸醫,noun,word,Class 18,First Semester,U3,p.20,,,word,vet,vet,en_zh_choice|zh_en_choice|listening|spelling,,,missing,,,,,,,,,,,,No,,ocr,way_to_go_10_images_20260814,20260814_233908.jpg,0.96
half,一半；半,noun,word,Class 18,First Semester,U3,p.20,,,word,half,half,en_zh_choice|zh_en_choice|listening|spelling,,,missing,,,,,,,,,,,,No,,ocr,way_to_go_10_images_20260814,20260814_233908.jpg,0.96
married,結婚的,adjective,word,Class 18,First Semester,U3,p.20,,,word,married,married,en_zh_choice|zh_en_choice|listening|spelling,,,missing,,,,,,,,,,,,No,,ocr,way_to_go_10_images_20260814,20260814_233908.jpg,0.96
engaged,訂婚的,adjective,word,Class 18,First Semester,U3,p.20,,,word,engaged,engaged,en_zh_choice|zh_en_choice|listening|spelling,,,missing,,,,,,,,,,,,No,,ocr,way_to_go_10_images_20260814,20260814_233908.jpg,0.96
broken,壞掉的；故障的,adjective,word,Class 18,First Semester,U3,p.20,,,word,broken,broken,en_zh_choice|zh_en_choice|listening|spelling,,,missing,,,,,,,,,,,,No,,ocr,way_to_go_10_images_20260814,20260814_233908.jpg,0.96
grow up,長大,verb_phrase,phrase,Class 19,First Semester,U3,p.19,,,phrase,grow up,grow up,en_zh_choice|zh_en_choice|listening|spelling,,,missing,,,,,,,,,,,,No,,ocr,way_to_go_10_images_20260814,20260814_233913.jpg,0.96
finish school,完成學業；畢業,verb_phrase,phrase,Class 19,First Semester,U3,p.19,,,phrase,finish school,finish school,en_zh_choice|zh_en_choice|listening|spelling,,,missing,,,,,,,,,,,,No,,ocr,way_to_go_10_images_20260814,20260814_233913.jpg,0.96
would like (to Vr) = want (to Vr),想要做某事,verb_phrase,phrase,Class 19,First Semester,U3,p.19,,,phrase,,would like = want,en_zh_choice|zh_en_choice|listening|spelling,,,missing,,,,,,,,,,,,No,,ocr,way_to_go_10_images_20260814,20260814_233913.jpg,0.96
lawyer,律師,noun,phrase,Class 19,First Semester,U3,p.19,,,phrase,lawyer,lawyer,en_zh_choice|zh_en_choice|listening|spelling,,,missing,,,,,,,,,,,,No,,ocr,way_to_go_10_images_20260814,20260814_233913.jpg,0.96
businessperson,商人；生意人,noun,phrase,Class 19,First Semester,U3,p.19,,,phrase,businessperson,businessperson,en_zh_choice|zh_en_choice|listening|spelling,,,missing,,,,,,,,,,,,No,,ocr,way_to_go_10_images_20260814,20260814_233913.jpg,0.96
accountant,會計,noun,phrase,Class 19,First Semester,U3,p.19,,,phrase,accountant,accountant,en_zh_choice|zh_en_choice|listening|spelling,,,missing,,,,,,,,,,,,No,,ocr,way_to_go_10_images_20260814,20260814_233913.jpg,0.96
chef,主廚,noun,phrase,Class 19,First Semester,U3,p.19,,,phrase,chef,chef,en_zh_choice|zh_en_choice|listening|spelling,,,missing,,,,,,,,,,,,No,,ocr,way_to_go_10_images_20260814,20260814_233913.jpg,0.96
mechanic,機械工；維修人員；技工,noun,phrase,Class 19,First Semester,U3,p.19,,,phrase,mechanic,mechanic,en_zh_choice|zh_en_choice|listening|spelling,,,missing,,,,,,,,,,,,No,,ocr,way_to_go_10_images_20260814,20260814_233913.jpg,0.96
fashion designer,服裝設計師,noun,phrase,Class 19,First Semester,U3,p.19,,,phrase,fashion designer,fashion designer,en_zh_choice|zh_en_choice|listening|spelling,,,missing,,,,,,,,,,,,No,,ocr,way_to_go_10_images_20260814,20260814_233913.jpg,0.96
hairdresser,美髮師,noun,phrase,Class 19,First Semester,U3,p.19,,,phrase,hairdresser,hairdresser,en_zh_choice|zh_en_choice|listening|spelling,,,missing,,,,,,,,,,,,No,,ocr,way_to_go_10_images_20260814,20260814_233913.jpg,0.96
engineer,工程師,noun,phrase,Class 19,First Semester,U3,p.19,,,phrase,engineer,engineer,en_zh_choice|zh_en_choice|listening|spelling,,,missing,,,,,,,,,,,,No,,ocr,way_to_go_10_images_20260814,20260814_233913.jpg,0.96
secretary,秘書,noun,phrase,Class 19,First Semester,U3,p.19,,,phrase,secretary,secretary,en_zh_choice|zh_en_choice|listening|spelling,,,missing,,,,,,,,,,,,No,,ocr,way_to_go_10_images_20260814,20260814_233913.jpg,0.96
how long,多久；多長,adverb,word,Class 20,First Semester,U3,p.21,,,word,how long,how long,en_zh_choice|zh_en_choice|listening|spelling,,,missing,,,,,,,,,,,,No,,ocr,way_to_go_10_images_20260814,20260814_233913.jpg,0.96
vegetarian,素食者,noun,word,Class 20,First Semester,U3,p.21,,,word,vegetarian,vegetarian,en_zh_choice|zh_en_choice|listening|spelling,,,missing,,,,,,,,,,,,No,,ocr,way_to_go_10_images_20260814,20260814_233913.jpg,0.96
classmate,同班同學,noun,word,Class 20,First Semester,U3,p.21,,,word,classmate,classmate,en_zh_choice|zh_en_choice|listening|spelling,,,missing,,,,,,,,,,,,No,,ocr,way_to_go_10_images_20260814,20260814_233913.jpg,0.96
restaurant,餐廳,noun,word,Class 20,First Semester,U3,p.21,,,word,restaurant,restaurant,en_zh_choice|zh_en_choice|listening|spelling,,,missing,,,,,,,,,,,,No,,ocr,way_to_go_10_images_20260814,20260814_233913.jpg,0.96
neighbor,鄰居,noun,word,Class 20,First Semester,U3,p.21,,,word,neighbor,neighbor,en_zh_choice|zh_en_choice|listening|spelling,,,missing,,,,,,,,,,,,No,,ocr,way_to_go_10_images_20260814,20260814_233913.jpg,0.96
open,開放的；營業的,adjective,word,Class 20,First Semester,U3,p.21,,,word,open,open,en_zh_choice|zh_en_choice|listening|spelling,,,missing,,,,,,,,,,,,No,,ocr,way_to_go_10_images_20260814,20260814_233913.jpg,0.96
retired,退休的,adjective,word,Class 20,First Semester,U3,p.21,,,word,retired,retired,en_zh_choice|zh_en_choice|listening|spelling,,,missing,,,,,,,,,,,,No,,ocr,way_to_go_10_images_20260814,20260814_233913.jpg,0.96
town,城鎮,noun,phrase,Class 21,First Semester,U3,p.22,,,phrase,town,town,en_zh_choice|zh_en_choice|listening|spelling,,,missing,,,,,,,,,,,,No,,ocr,way_to_go_10_images_20260814,20260814_233920.jpg,0.96
mood,心情,noun,phrase,Class 21,First Semester,U3,p.22,,,phrase,mood,mood,en_zh_choice|zh_en_choice|listening|spelling,,,missing,,,,,,,,,,,,No,,ocr,way_to_go_10_images_20260814,20260814_233920.jpg,0.96
in a good mood,好心情,phrase,phrase,Class 21,First Semester,U3,p.22,,,phrase,in a good mood,in a good mood,en_zh_choice|zh_en_choice|listening|spelling,,,missing,,,,,,,,,,,,No,,ocr,way_to_go_10_images_20260814,20260814_233920.jpg,0.96
in a bad mood,壞心情,phrase,phrase,Class 21,First Semester,U3,p.22,,,phrase,in a bad mood,in a bad mood,en_zh_choice|zh_en_choice|listening|spelling,,,missing,,,,,,,,,,,,No,,ocr,way_to_go_10_images_20260814,20260814_233920.jpg,0.96
closed,關著；停止營業的,adjective,phrase,Class 21,First Semester,U3,p.22,,,phrase,closed,closed,en_zh_choice|zh_en_choice|listening|spelling,,,missing,,,,,,,,,,,,No,,ocr,way_to_go_10_images_20260814,20260814_233920.jpg,0.96
awake,清醒的,adjective,phrase,Class 21,First Semester,U3,p.22,,,phrase,awake,awake,en_zh_choice|zh_en_choice|listening|spelling,,,missing,,,,,,,,,,,,No,,ocr,way_to_go_10_images_20260814,20260814_233920.jpg,0.96
lost,迷路的；遺失的,adjective,phrase,Class 21,First Semester,U3,p.22,,,phrase,lost,lost,en_zh_choice|zh_en_choice|listening|spelling,,,missing,,,,,,,,,,,,No,,ocr,way_to_go_10_images_20260814,20260814_233920.jpg,0.96
absent,缺席的,adjective,phrase,Class 21,First Semester,U3,p.22,,,phrase,absent,absent,en_zh_choice|zh_en_choice|listening|spelling,,,missing,,,,,,,,,,,,No,,ocr,way_to_go_10_images_20260814,20260814_233920.jpg,0.96
upset,心煩意亂的；不高興的,adjective,phrase,Class 21,First Semester,U3,p.22,,,phrase,upset,upset,en_zh_choice|zh_en_choice|listening|spelling,,,missing,,,,,,,,,,,,No,,ocr,way_to_go_10_images_20260814,20260814_233920.jpg,0.96
all,整個；全部的,adjective,phrase,Class 21,First Semester,U3,p.22,,,phrase,all,all,en_zh_choice|zh_en_choice|listening|spelling,,,missing,,,,,,,,,,,,No,,ocr,way_to_go_10_images_20260814,20260814_233920.jpg,0.96
out of (+ place),離開（某地方）,preposition,phrase,Class 21,First Semester,U3,p.22,,,phrase,out of (+ place),out of,en_zh_choice|zh_en_choice|listening|spelling,,,missing,,,,,,,,,,,,No,,ocr,way_to_go_10_images_20260814,20260814_233920.jpg,0.96
grow,種植,verb,irregular_verb,Class 3,First Semester,U1,p.5,,,verb_forms,grow,grow|grew|grown,en_zh_choice|zh_en_choice|listening|spelling|verb_forms,,,missing,grow,grew,grown,,,,,,,,,No,,ocr,way_to_go_10_images_20260814,20260814_233801.jpg,0.96
drive,駕駛（車）；開車,verb,irregular_verb,Class 3,First Semester,U1,p.5,,,verb_forms,drive,drive|drove|driven,en_zh_choice|zh_en_choice|listening|spelling|verb_forms,,,missing,drive,drove,driven,,,,,,,,,No,,ocr,way_to_go_10_images_20260814,20260814_233801.jpg,0.96
fly,駕駛（飛機；飛行器）,verb,irregular_verb,Class 3,First Semester,U1,p.5,,,verb_forms,fly,fly|flew|flown,en_zh_choice|zh_en_choice|listening|spelling|verb_forms,,,missing,fly,flew,flown,,,,,,,,,No,,ocr,way_to_go_10_images_20260814,20260814_233801.jpg,0.96
ride,騎（摩托車；馬；腳踏車）,verb,irregular_verb,Class 3,First Semester,U1,p.5,,,verb_forms,ride,ride|rode|ridden,en_zh_choice|zh_en_choice|listening|spelling|verb_forms,,,missing,ride,rode,ridden,,,,,,,,,No,,ocr,way_to_go_10_images_20260814,20260814_233801.jpg,0.96
knit,編織；針織,verb,irregular_verb,Class 3,First Semester,U1,p.5,,,verb_forms,knit,knit|knitted|knitted,en_zh_choice|zh_en_choice|listening|spelling|verb_forms,,,missing,knit,knitted,knitted,,,,,,,,,No,,ocr,way_to_go_10_images_20260814,20260814_233801.jpg,0.96
fish,釣魚,verb,irregular_verb,Class 3,First Semester,U1,p.5,,,verb_forms,fish,fish|fished|fished,en_zh_choice|zh_en_choice|listening|spelling|verb_forms,,,missing,fish,fished,fished,,,,,,,,,No,,ocr,way_to_go_10_images_20260814,20260814_233801.jpg,0.96
sail,駕駛（船）；航行,verb,irregular_verb,Class 3,First Semester,U1,p.5,,,verb_forms,sail,sail|sailed|sailed,en_zh_choice|zh_en_choice|listening|spelling|verb_forms,,,missing,sail,sailed,sailed,,,,,,,,,No,,ocr,way_to_go_10_images_20260814,20260814_233801.jpg,0.96
helicopter,直昇機,noun,word,Class 3,First Semester,U1,p.5,,,word,helicopter,helicopter,en_zh_choice|zh_en_choice|listening|spelling,,,missing,,,,,,,,,,,,No,,ocr,way_to_go_10_images_20260814,20260814_233801.jpg,0.96
motorcycle,摩托車,noun,word,Class 3,First Semester,U1,p.5,,,word,motorcycle,motorcycle,en_zh_choice|zh_en_choice|listening|spelling,,,missing,,,,,,,,,,,,No,,ocr,way_to_go_10_images_20260814,20260814_233801.jpg,0.96
never,從不；從來沒有,adverb,word,Class 3,First Semester,U1,p.5,,,word,never,never,en_zh_choice|zh_en_choice|listening|spelling,,,missing,,,,,,,,,,,,No,,ocr,way_to_go_10_images_20260814,20260814_233801.jpg,0.96
present perfect tense,現在完成式：S + have / has + Vpp + O,grammar,grammar_form,Class 3,First Semester,U1,p.5,,,grammar_pattern,present perfect tense,present perfect tense,en_zh_choice|zh_en_choice|cloze,,,missing,,,,,,,,,,,,Yes,文法模板或插槽需確認,ocr,way_to_go_10_images_20260814,20260814_233801.jpg,0.92
I'd love to.,我很樂意。,sentence,phrase,Class 4,First Semester,U1,p.2,,,phrase,I'd love to.,I'd love to.,en_zh_choice|zh_en_choice|listening|spelling,,,missing,,,,,,,,,,,,No,,ocr,way_to_go_10_images_20260814,20260814_233801.jpg,0.96
awesome,很好的；很棒的,adjective,phrase,Class 4,First Semester,U1,p.2,,,phrase,awesome,awesome,en_zh_choice|zh_en_choice|listening|spelling,,,missing,,,,,,,,,,,,No,,ocr,way_to_go_10_images_20260814,20260814_233801.jpg,0.96
brand new,全新的,adjective,phrase,Class 4,First Semester,U1,p.2,,,phrase,brand new,brand new,en_zh_choice|zh_en_choice|listening|spelling,,,missing,,,,,,,,,,,,No,,ocr,way_to_go_10_images_20260814,20260814_233801.jpg,0.96
visa,簽證,noun,phrase,Class 4,First Semester,U1,p.2,,,phrase,visa,visa,en_zh_choice|zh_en_choice|listening|spelling,,,missing,,,,,,,,,,,,No,,ocr,way_to_go_10_images_20260814,20260814_233801.jpg,0.96
passport,護照,noun,phrase,Class 4,First Semester,U1,p.2,,,phrase,passport,passport,en_zh_choice|zh_en_choice|listening|spelling,,,missing,,,,,,,,,,,,No,,ocr,way_to_go_10_images_20260814,20260814_233801.jpg,0.96
airline,航空公司,noun,phrase,Class 4,First Semester,U1,p.2,,,phrase,airline,airline,en_zh_choice|zh_en_choice|listening|spelling,,,missing,,,,,,,,,,,,No,,ocr,way_to_go_10_images_20260814,20260814_233801.jpg,0.96
lady,女士,noun,phrase,Class 4,First Semester,U1,p.2,,,phrase,lady,lady,en_zh_choice|zh_en_choice|listening|spelling,,,missing,,,,,,,,,,,,No,,ocr,way_to_go_10_images_20260814,20260814_233801.jpg,0.96
a couple of,一些；幾個,determiner,phrase,Class 4,First Semester,U1,p.2,,,phrase,a couple of,a couple of,en_zh_choice|zh_en_choice|listening|spelling,,,missing,,,,,,,,,,,,No,,ocr,way_to_go_10_images_20260814,20260814_233801.jpg,0.96
worry about <N / Ving>,擔心（某事物）,verb_phrase,phrase,Class 4,First Semester,U1,p.2,,,phrase,,worry about <N / Ving>,en_zh_choice|zh_en_choice|listening|spelling,,,missing,,,,,,,,,,,,No,,ocr,way_to_go_10_images_20260814,20260814_233801.jpg,0.96
check,查看；檢查,verb,phrase,Class 4,First Semester,U1,p.2,,,phrase,check,check,en_zh_choice|zh_en_choice|listening|spelling,,,missing,,,,,,,,,,,,No,,ocr,way_to_go_10_images_20260814,20260814_233801.jpg,0.96
take care of <Sb / Sth>,照顧（某人／動物）,verb_phrase,phrase,Class 4,First Semester,U1,p.2,,,phrase,,take care of <Sb / Sth>,en_zh_choice|zh_en_choice|listening|spelling,,,missing,,,,,,,,,,,,No,,ocr,way_to_go_10_images_20260814,20260814_233801.jpg,0.96
hold,握住；拿著,verb,irregular_verb,Class 16,First Semester,U2,p.16,,,verb_forms,hold,hold|held|held,en_zh_choice|zh_en_choice|listening|spelling|verb_forms,,,missing,hold,held,held,,,,,,,,,No,,ocr,way_to_go_10_images_20260814,20260814_233854.jpg,0.96
plug <Sth> in,把（某物）插電,verb_phrase,phrase,Class 16,First Semester,U2,p.16,,,phrase,,plug <Sth> in,en_zh_choice|zh_en_choice|listening|spelling,,,missing,,,,,,,,,,,,No,,ocr,way_to_go_10_images_20260814,20260814_233854.jpg,0.96
get <Sth / Sb> <to V>,使；讓（某物／人）做某事,verb_phrase,phrase,Class 16,First Semester,U2,p.16,,,phrase,,get <Sth / Sb> <to V>,en_zh_choice|zh_en_choice|listening|spelling,,,missing,,,,,,,,,,,,No,,ocr,way_to_go_10_images_20260814,20260814_233854.jpg,0.96
instructions,說明書,noun,word,Class 16,First Semester,U2,p.16,,,word,instructions,instructions,en_zh_choice|zh_en_choice|listening|spelling,,,missing,,,,,,,,,,,,No,,ocr,way_to_go_10_images_20260814,20260814_233854.jpg,0.96
plug,插頭,noun,word,Class 16,First Semester,U2,p.16,,,word,plug,plug,en_zh_choice|zh_en_choice|listening|spelling,,,missing,,,,,,,,,,,,No,,ocr,way_to_go_10_images_20260814,20260814_233854.jpg,0.96
finally,最後地,adverb,word,Class 16,First Semester,U2,p.16,,,word,finally,finally,en_zh_choice|zh_en_choice|listening|spelling,,,missing,,,,,,,,,,,,No,,ocr,way_to_go_10_images_20260814,20260814_233854.jpg,0.96
angrily,生氣地,adverb,word,Class 16,First Semester,U2,p.16,,,word,angrily,angrily,en_zh_choice|zh_en_choice|listening|spelling,,,missing,,,,,,,,,,,,No,,ocr,way_to_go_10_images_20260814,20260814_233854.jpg,0.96
subject,科目,noun,phrase,Class 17,First Semester,U3,p.18,,,phrase,subject,subject,en_zh_choice|zh_en_choice|listening|spelling,,,missing,,,,,,,,,,,,No,,ocr,way_to_go_10_images_20260814,20260814_233854.jpg,0.96
program,（電腦）程式,noun,phrase,Class 17,First Semester,U3,p.18,,,phrase,program,program,en_zh_choice|zh_en_choice|listening|spelling,,,missing,,,,,,,,,,,,No,,ocr,way_to_go_10_images_20260814,20260814_233854.jpg,0.96
secret,秘密,noun,phrase,Class 17,First Semester,U3,p.18,,,phrase,secret,secret,en_zh_choice|zh_en_choice|listening|spelling,,,missing,,,,,,,,,,,,No,,ocr,way_to_go_10_images_20260814,20260814_233854.jpg,0.96
wild animal,野生動物,noun_phrase,phrase,Class 17,First Semester,U3,p.18,,,phrase,wild animal,wild animal,en_zh_choice|zh_en_choice|listening|spelling,,,missing,,,,,,,,,,,,No,,ocr,way_to_go_10_images_20260814,20260814_233854.jpg,0.96
history,歷史,noun,phrase,Class 17,First Semester,U3,p.18,,,phrase,history,history,en_zh_choice|zh_en_choice|listening|spelling,,,missing,,,,,,,,,,,,No,,ocr,way_to_go_10_images_20260814,20260814_233854.jpg,0.96
geography,地理,noun,phrase,Class 17,First Semester,U3,p.18,,,phrase,geography,geography,en_zh_choice|zh_en_choice|listening|spelling,,,missing,,,,,,,,,,,,No,,ocr,way_to_go_10_images_20260814,20260814_233854.jpg,0.96
Africa,非洲,noun,phrase,Class 17,First Semester,U3,p.18,,,phrase,Africa,Africa,en_zh_choice|zh_en_choice|listening|spelling,,,missing,,,,,,,,,,,,No,,ocr,way_to_go_10_images_20260814,20260814_233854.jpg,0.96
dream of <Ving>,夢想（做某事）,verb_phrase,phrase,Class 17,First Semester,U3,p.18,,,phrase,,dream of <Ving>,en_zh_choice|zh_en_choice|listening|spelling,,,missing,,,,,,,,,,,,No,,ocr,way_to_go_10_images_20260814,20260814_233854.jpg,0.96
magic,神奇的,adjective,phrase,Class 17,First Semester,U3,p.18,,,phrase,magic,magic,en_zh_choice|zh_en_choice|listening|spelling,,,missing,,,,,,,,,,,,No,,ocr,way_to_go_10_images_20260814,20260814_233854.jpg,0.96
left,剩下的,adjective,phrase,Class 17,First Semester,U3,p.18,,,phrase,left,left,en_zh_choice|zh_en_choice|listening|spelling,,,missing,,,,,,,,,,,,No,,ocr,way_to_go_10_images_20260814,20260814_233854.jpg,0.96
called,被稱作；被叫做,adjective,phrase,Class 17,First Semester,U3,p.18,,,phrase,called,called,en_zh_choice|zh_en_choice|listening|spelling,,,missing,,,,,,,,,,,,No,,ocr,way_to_go_10_images_20260814,20260814_233854.jpg,0.96
spend,花費（時間／金錢）,verb,irregular_verb,Class 1,Second Semester,U3,p.23,,,verb_forms,spend,spend|spent|spent,en_zh_choice|zh_en_choice|listening|spelling|verb_forms,,,missing,spend,spent,spent,,,,,,,,,No,,ocr,way_to_go_10_images_20260814,20260814_233929.jpg,0.96
lose,失去,verb,irregular_verb,Class 1,Second Semester,U3,p.23,,,verb_forms,lose,lose|lost|lost,en_zh_choice|zh_en_choice|listening|spelling|verb_forms,,,missing,lose,lost,lost,,,,,,,,,No,,ocr,way_to_go_10_images_20260814,20260814_233929.jpg,0.96
plan,計畫,verb,irregular_verb,Class 1,Second Semester,U3,p.23,,,verb_forms,plan,plan|planned|planned,en_zh_choice|zh_en_choice|listening|spelling|verb_forms,,,missing,plan,planned,planned,,,,,,,,,No,,ocr,way_to_go_10_images_20260814,20260814_233929.jpg,0.96
interview,訪問,noun,phrase,Class 1,Second Semester,U3,p.23,,,phrase,interview,interview,en_zh_choice|zh_en_choice|listening|spelling,,,missing,,,,,,,,,,,,No,,ocr,way_to_go_10_images_20260814,20260814_233929.jpg,0.96
row a boat,划船,verb_phrase,phrase,Class 1,Second Semester,U3,p.23,,,phrase,row a boat,row a boat,en_zh_choice|zh_en_choice|listening|spelling,,,missing,,,,,,,,,,,,No,,ocr,way_to_go_10_images_20260814,20260814_233929.jpg,0.96
turn (+ Adj),變成；成為,verb_phrase,phrase,Class 1,Second Semester,U3,p.23,,,phrase,turn (+ Adj),turn,en_zh_choice|zh_en_choice|listening|spelling,,,missing,,,,,,,,,,,,No,,ocr,way_to_go_10_images_20260814,20260814_233929.jpg,0.96
crocodile,鱷魚,noun,phrase,Class 1,Second Semester,U3,p.23,,,phrase,crocodile,crocodile,en_zh_choice|zh_en_choice|listening|spelling,,,missing,,,,,,,,,,,,No,,ocr,way_to_go_10_images_20260814,20260814_233929.jpg,0.96
explorer,探險家,noun,phrase,Class 1,Second Semester,U3,p.23,,,phrase,explorer,explorer,en_zh_choice|zh_en_choice|listening|spelling,,,missing,,,,,,,,,,,,No,,ocr,way_to_go_10_images_20260814,20260814_233929.jpg,0.96
finger,手指,noun,phrase,Class 1,Second Semester,U3,p.23,,,phrase,finger,finger,en_zh_choice|zh_en_choice|listening|spelling,,,missing,,,,,,,,,,,,No,,ocr,way_to_go_10_images_20260814,20260814_233929.jpg,0.96
somewhere,在某處；到某處,adverb,phrase,Class 1,Second Semester,U3,p.23,,,phrase,somewhere,somewhere,en_zh_choice|zh_en_choice|listening|spelling,,,missing,,,,,,,,,,,,No,,ocr,way_to_go_10_images_20260814,20260814_233929.jpg,0.96
recently,最近,adverb,phrase,Class 1,Second Semester,U3,p.23,,,phrase,recently,recently,en_zh_choice|zh_en_choice|listening|spelling,,,missing,,,,,,,,,,,,No,,ocr,way_to_go_10_images_20260814,20260814_233929.jpg,0.96
alive,活著的,adjective,phrase,Class 1,Second Semester,U3,p.23,,,phrase,alive,alive,en_zh_choice|zh_en_choice|listening|spelling,,,missing,,,,,,,,,,,,No,,ocr,way_to_go_10_images_20260814,20260814_233929.jpg,0.96
so <Adj> that <S + V + O>,如此…以至於,grammar,phrase,Class 1,Second Semester,U3,p.23,,,phrase,,so <Adj> that <S + V + O>,en_zh_choice|zh_en_choice|listening|spelling,,,missing,,,,,,,,,,,,No,,ocr,way_to_go_10_images_20260814,20260814_233929.jpg,0.96
bite,（用牙齒）咬,verb,irregular_verb,Class 2,Second Semester,U3,p.23,,,verb_forms,bite,bite|bit|bitten,en_zh_choice|zh_en_choice|listening|spelling|verb_forms,,,missing,bite,bit,bitten,,,,,,,,,No,,ocr,way_to_go_10_images_20260814,20260814_233929.jpg,0.96
cut,切下；割破（cut…off）,verb,irregular_verb,Class 2,Second Semester,U3,p.23,,,verb_forms,cut,cut|cut|cut,en_zh_choice|zh_en_choice|listening|spelling|verb_forms,,,missing,cut,cut,cut,,,,,,,,,No,,ocr,way_to_go_10_images_20260814,20260814_233929.jpg,0.96
shark,鯊魚,noun,word,Class 2,Second Semester,U3,p.24,,,word,shark,shark,en_zh_choice|zh_en_choice|listening|spelling,,,missing,,,,,,,,,,,,No,,ocr,way_to_go_10_images_20260814,20260814_233929.jpg,0.96
foot,腳；足,noun,word,Class 2,Second Semester,U3,p.24,,,word,foot,foot,en_zh_choice|zh_en_choice|listening|spelling,,,missing,,,,,,,,,,,,No,,ocr,way_to_go_10_images_20260814,20260814_233929.jpg,0.96
the Moon,月球,noun,word,Class 2,Second Semester,U3,p.24,,,word,the Moon,the Moon,en_zh_choice|zh_en_choice|listening|spelling,,,missing,,,,,,,,,,,,No,,ocr,way_to_go_10_images_20260814,20260814_233929.jpg,0.96
anywhere,在任何地方,adverb,word,Class 2,Second Semester,U3,p.24,,,word,anywhere,anywhere,en_zh_choice|zh_en_choice|listening|spelling,,,missing,,,,,,,,,,,,No,,ocr,way_to_go_10_images_20260814,20260814_233929.jpg,0.96
a little bit,有點,adverb,word,Class 2,Second Semester,U3,p.24,,,word,a little bit,a little bit,en_zh_choice|zh_en_choice|listening|spelling,,,missing,,,,,,,,,,,,No,,ocr,way_to_go_10_images_20260814,20260814_233929.jpg,0.96
feel,感覺,verb,irregular_verb,Class 3,Second Semester,U3,p.25,,,verb_forms,feel,feel|felt|felt,en_zh_choice|zh_en_choice|listening|spelling|verb_forms,,,missing,feel,felt,felt,,,,,,,,,No,,ocr,way_to_go_10_images_20260814,20260814_233938.jpg,0.96
feel like,想要,verb_phrase,phrase,Class 3,Second Semester,U3,p.25,,,phrase,feel like,feel like,en_zh_choice|zh_en_choice|listening|spelling,,,missing,,,,,,,,,,,,No,,ocr,way_to_go_10_images_20260814,20260814_233938.jpg,0.96
order (+ N),點；訂（+東西）,verb_phrase,phrase,Class 3,Second Semester,U3,p.25,,,phrase,order (+ N),order,en_zh_choice|zh_en_choice|listening|spelling,,,missing,,,,,,,,,,,,No,,ocr,way_to_go_10_images_20260814,20260814_233938.jpg,0.96
take a bubble bath,洗泡泡澡,verb_phrase,phrase,Class 3,Second Semester,U3,p.25,,,phrase,take a bubble bath,take a bubble bath,en_zh_choice|zh_en_choice|listening|spelling,,,missing,,,,,,,,,,,,No,,ocr,way_to_go_10_images_20260814,20260814_233938.jpg,0.96
relaxing,令人放鬆的；輕鬆的,adjective,phrase,Class 3,Second Semester,U3,p.25,,,phrase,relaxing,relaxing,en_zh_choice|zh_en_choice|listening|spelling,,,missing,,,,,,,,,,,,No,,ocr,way_to_go_10_images_20260814,20260814_233938.jpg,0.96
lazy,懶惰的；懶惰的,adjective,phrase,Class 3,Second Semester,U3,p.25,,,phrase,lazy,lazy,en_zh_choice|zh_en_choice|listening|spelling,,,missing,,,,,,,,,,,,No,,ocr,way_to_go_10_images_20260814,20260814_233938.jpg,0.96
brunch,早午餐,noun,phrase,Class 3,Second Semester,U3,p.25,,,phrase,brunch,brunch,en_zh_choice|zh_en_choice|listening|spelling,,,missing,,,,,,,,,,,,No,,ocr,way_to_go_10_images_20260814,20260814_233938.jpg,0.96
midnight,半夜,noun,phrase,Class 3,Second Semester,U3,p.25,,,phrase,midnight,midnight,en_zh_choice|zh_en_choice|listening|spelling,,,missing,,,,,,,,,,,,No,,ocr,way_to_go_10_images_20260814,20260814_233938.jpg,0.96
noon,正中午,noun,phrase,Class 3,Second Semester,U3,p.25,,,phrase,noon,noon,en_zh_choice|zh_en_choice|listening|spelling,,,missing,,,,,,,,,,,,No,,ocr,way_to_go_10_images_20260814,20260814_233938.jpg,0.96
around,大約；大概,adverb,phrase,Class 3,Second Semester,U3,p.25,,,phrase,around,around,en_zh_choice|zh_en_choice|listening|spelling,,,missing,,,,,,,,,,,,No,,ocr,way_to_go_10_images_20260814,20260814_233938.jpg,0.96
for a while,一陣子；一下子,adverb,phrase,Class 3,Second Semester,U3,p.25,,,phrase,for a while,for a while,en_zh_choice|zh_en_choice|listening|spelling,,,missing,,,,,,,,,,,,No,,ocr,way_to_go_10_images_20260814,20260814_233938.jpg,0.96
while,當…的時候,conjunction,phrase,Class 3,Second Semester,U3,p.25,,,phrase,while,while,en_zh_choice|zh_en_choice|listening|spelling,,,missing,,,,,,,,,,,,No,,ocr,way_to_go_10_images_20260814,20260814_233938.jpg,0.96
half an hour,半小時,phrase,phrase,Class 3,Second Semester,U3,p.25,,,phrase,half an hour,half an hour,en_zh_choice|zh_en_choice|listening|spelling,,,missing,,,,,,,,,,,,No,,ocr,way_to_go_10_images_20260814,20260814_233938.jpg,0.96
pool,撞球（運動名稱）,noun,word,Class 4,Second Semester,U4,p.27,,,word,pool,pool,en_zh_choice|zh_en_choice|listening|spelling,,,missing,,,,,,,,,,,,No,,ocr,way_to_go_10_images_20260814,20260814_233938.jpg,0.96
ice hockey,冰上曲棍球,noun,word,Class 4,Second Semester,U4,p.27,,,word,ice hockey,ice hockey,en_zh_choice|zh_en_choice|listening|spelling,,,missing,,,,,,,,,,,,No,,ocr,way_to_go_10_images_20260814,20260814_233938.jpg,0.96
volleyball,排球,noun,word,Class 4,Second Semester,U4,p.27,,,word,volleyball,volleyball,en_zh_choice|zh_en_choice|listening|spelling,,,missing,,,,,,,,,,,,No,,ocr,way_to_go_10_images_20260814,20260814_233938.jpg,0.96
ping pong,乒乓球,noun,word,Class 4,Second Semester,U4,p.27,,,word,ping pong,ping pong,en_zh_choice|zh_en_choice|listening|spelling,,,missing,,,,,,,,,,,,No,,ocr,way_to_go_10_images_20260814,20260814_233938.jpg,0.96
badminton,羽毛球,noun,word,Class 4,Second Semester,U4,p.27,,,word,badminton,badminton,en_zh_choice|zh_en_choice|listening|spelling,,,missing,,,,,,,,,,,,No,,ocr,way_to_go_10_images_20260814,20260814_233938.jpg,0.96
cue,撞球桿,noun,word,Class 4,Second Semester,U4,p.27,,,word,cue,cue,en_zh_choice|zh_en_choice|listening|spelling,,,missing,,,,,,,,,,,,No,,ocr,way_to_go_10_images_20260814,20260814_233938.jpg,0.96
ice hockey stick,冰上曲棍球竿,noun,word,Class 4,Second Semester,U4,p.27,,,word,ice hockey stick,ice hockey stick,en_zh_choice|zh_en_choice|listening|spelling,,,missing,,,,,,,,,,,,No,,ocr,way_to_go_10_images_20260814,20260814_233938.jpg,0.96
puck,冰上曲棍球用的橡皮圓盤,noun,word,Class 4,Second Semester,U4,p.27,,,word,puck,puck,en_zh_choice|zh_en_choice|listening|spelling,,,missing,,,,,,,,,,,,No,,ocr,way_to_go_10_images_20260814,20260814_233938.jpg,0.96
golf club,高爾夫球竿,noun,word,Class 4,Second Semester,U4,p.27,,,word,golf club,golf club,en_zh_choice|zh_en_choice|listening|spelling,,,missing,,,,,,,,,,,,No,,ocr,way_to_go_10_images_20260814,20260814_233938.jpg,0.96
paddle,乒乓球拍,noun,word,Class 4,Second Semester,U4,p.27,,,word,paddle,paddle,en_zh_choice|zh_en_choice|listening|spelling,,,missing,,,,,,,,,,,,No,,ocr,way_to_go_10_images_20260814,20260814_233938.jpg,0.96
racket,羽毛球拍,noun,word,Class 4,Second Semester,U4,p.27,,,word,racket,racket,en_zh_choice|zh_en_choice|listening|spelling,,,missing,,,,,,,,,,,,No,,ocr,way_to_go_10_images_20260814,20260814_233938.jpg,0.96
shuttlecock,羽球運動中所拍打的羽狀物,noun,word,Class 4,Second Semester,U4,p.27,,,word,shuttlecock,shuttlecock,en_zh_choice|zh_en_choice|listening|spelling,,,missing,,,,,,,,,,,,No,,ocr,way_to_go_10_images_20260814,20260814_233938.jpg,0.96
strike,打；擊（較正式用法）,verb,irregular_verb,Class 5,Second Semester,U4,p.27,,,verb_forms,strike,strike|struck|struck,en_zh_choice|zh_en_choice|listening|spelling|verb_forms,,,missing,strike,struck,struck,,,,,,,,,No,,ocr,way_to_go_10_images_20260814,20260814_233942.jpg,0.96
hit,打；擊（較口語用法）,verb,irregular_verb,Class 5,Second Semester,U4,p.27,,,verb_forms,hit,hit|hit|hit,en_zh_choice|zh_en_choice|listening|spelling|verb_forms,,,missing,hit,hit,hit,,,,,,,,,No,,ocr,way_to_go_10_images_20260814,20260814_233942.jpg,0.96
talk on the phone,講電話,verb_phrase,phrase,Class 5,Second Semester,U4,p.28,,,phrase,talk on the phone,talk on the phone,en_zh_choice|zh_en_choice|listening|spelling,,,missing,,,,,,,,,,,,No,,ocr,way_to_go_10_images_20260814,20260814_233942.jpg,0.96
argue,爭吵,verb,phrase,Class 5,Second Semester,U4,p.28,,,phrase,argue,argue,en_zh_choice|zh_en_choice|listening|spelling,,,missing,,,,,,,,,,,,No,,ocr,way_to_go_10_images_20260814,20260814_233942.jpg,0.96
bark,（只用於狗）吠叫,verb,phrase,Class 5,Second Semester,U4,p.28,,,phrase,bark,bark,en_zh_choice|zh_en_choice|listening|spelling,,,missing,,,,,,,,,,,,No,,ocr,way_to_go_10_images_20260814,20260814_233942.jpg,0.96
sunbathe,做日光浴,verb,phrase,Class 5,Second Semester,U4,p.28,,,phrase,sunbathe,sunbathe,en_zh_choice|zh_en_choice|listening|spelling,,,missing,,,,,,,,,,,,No,,ocr,way_to_go_10_images_20260814,20260814_233942.jpg,0.96
present perfect progressive tense,現在完成進行式：S + have / has + been + Ving + O,grammar,grammar_form,Class 5,Second Semester,U4,p.28,,,grammar_pattern,present perfect progressive tense,present perfect progressive tense,en_zh_choice|zh_en_choice|cloze,,,missing,,,,,,,,,,,,Yes,文法模板或插槽需確認,ocr,way_to_go_10_images_20260814,20260814_233942.jpg,0.92
root for,給…加油,verb_phrase,phrase,Class 6,Second Semester,U4,p.26,,,phrase,root for,root for,en_zh_choice|zh_en_choice|listening|spelling,,,missing,,,,,,,,,,,,No,,ocr,way_to_go_10_images_20260814,20260814_233942.jpg,0.96
make <O> <Vr / Adj>,讓；使得,grammar,phrase,Class 6,Second Semester,U4,p.26,,,phrase,,make <O> <Vr / Adj>,en_zh_choice|zh_en_choice|listening|spelling,,,missing,,,,,,,,,,,,No,,ocr,way_to_go_10_images_20260814,20260814_233942.jpg,0.96
admit,承認,verb,phrase,Class 6,Second Semester,U4,p.26,,,phrase,admit,admit,en_zh_choice|zh_en_choice|listening|spelling,,,missing,,,,,,,,,,,,No,,ocr,way_to_go_10_images_20260814,20260814_233942.jpg,0.96
joke = kid,開玩笑,verb,phrase,Class 6,Second Semester,U4,p.26,,,phrase,,joke = kid,en_zh_choice|zh_en_choice|listening|spelling,,,missing,,,,,,,,,,,,No,,ocr,way_to_go_10_images_20260814,20260814_233942.jpg,0.96
season,季節（本課指球季）,noun,phrase,Class 6,Second Semester,U4,p.26,,,phrase,season,season,en_zh_choice|zh_en_choice|listening|spelling,,,missing,,,,,,,,,,,,No,,ocr,way_to_go_10_images_20260814,20260814_233942.jpg,0.96
whale,鯨魚,noun,phrase,Class 6,Second Semester,U4,p.26,,,phrase,whale,whale,en_zh_choice|zh_en_choice|listening|spelling,,,missing,,,,,,,,,,,,No,,ocr,way_to_go_10_images_20260814,20260814_233942.jpg,0.96
million,百萬,noun,phrase,Class 6,Second Semester,U4,p.26,,,phrase,million,million,en_zh_choice|zh_en_choice|listening|spelling,,,missing,,,,,,,,,,,,No,,ocr,way_to_go_10_images_20260814,20260814_233942.jpg,0.96
news,新聞,noun,phrase,Class 6,Second Semester,U4,p.26,,,phrase,news,news,en_zh_choice|zh_en_choice|listening|spelling,,,missing,,,,,,,,,,,,No,,ocr,way_to_go_10_images_20260814,20260814_233942.jpg,0.96
a piece of news,一則新聞,phrase,phrase,Class 6,Second Semester,U4,p.26,,,phrase,a piece of news,a piece of news,en_zh_choice|zh_en_choice|listening|spelling,,,missing,,,,,,,,,,,,No,,ocr,way_to_go_10_images_20260814,20260814_233942.jpg,0.96
alright,（較口語）還算可以；尚可,adjective,phrase,Class 6,Second Semester,U4,p.26,,,phrase,alright,alright,en_zh_choice|zh_en_choice|listening|spelling,,,missing,,,,,,,,,,,,No,,ocr,way_to_go_10_images_20260814,20260814_233942.jpg,0.96
on fire,（氣勢）如火燃燒一般,adjective,phrase,Class 6,Second Semester,U4,p.26,,,phrase,on fire,on fire,en_zh_choice|zh_en_choice|listening|spelling,,,missing,,,,,,,,,,,,No,,ocr,way_to_go_10_images_20260814,20260814_233942.jpg,0.96
guest,客人,noun,phrase,Class 15,Second Semester,U5,p.34,,,phrase,guest,guest,en_zh_choice|zh_en_choice|listening|spelling,,,missing,,,,,,,,,,,,No,,ocr,way_to_go_10_images_20260814,20260814_234013.jpg,0.96
invent,發明,verb,phrase,Class 15,Second Semester,U5,p.34,,,phrase,invent,invent,en_zh_choice|zh_en_choice|listening|spelling,,,missing,,,,,,,,,,,,No,,ocr,way_to_go_10_images_20260814,20260814_234013.jpg,0.96
get it right,處理好,verb_phrase,phrase,Class 15,Second Semester,U5,p.34,,,phrase,get it right,get it right,en_zh_choice|zh_en_choice|listening|spelling,,,missing,,,,,,,,,,,,No,,ocr,way_to_go_10_images_20260814,20260814_234013.jpg,0.96
miss,想念；思念,verb,phrase,Class 15,Second Semester,U5,p.34,,,phrase,miss,miss,en_zh_choice|zh_en_choice|listening|spelling,,,missing,,,,,,,,,,,,No,,ocr,way_to_go_10_images_20260814,20260814_234013.jpg,0.96
flood,淹水,verb,phrase,Class 15,Second Semester,U5,p.34,,,phrase,flood,flood,en_zh_choice|zh_en_choice|listening|spelling,,,missing,,,,,,,,,,,,No,,ocr,way_to_go_10_images_20260814,20260814_234013.jpg,0.96
quite,相當地,adverb,phrase,Class 15,Second Semester,U5,p.34,,,phrase,quite,quite,en_zh_choice|zh_en_choice|listening|spelling,,,missing,,,,,,,,,,,,No,,ocr,way_to_go_10_images_20260814,20260814_234013.jpg,0.96
(rain) heavily,（雨下得）很大；大量地,adverb,phrase,Class 15,Second Semester,U5,p.34,,,phrase,(rain) heavily, heavily,en_zh_choice|zh_en_choice|listening|spelling,,,missing,,,,,,,,,,,,No,,ocr,way_to_go_10_images_20260814,20260814_234013.jpg,0.96
glad,高興的,adjective,phrase,Class 15,Second Semester,U5,p.34,,,phrase,glad,glad,en_zh_choice|zh_en_choice|listening|spelling,,,missing,,,,,,,,,,,,No,,ocr,way_to_go_10_images_20260814,20260814_234013.jpg,0.96
homesick,想家的,adjective,phrase,Class 15,Second Semester,U5,p.34,,,phrase,homesick,homesick,en_zh_choice|zh_en_choice|listening|spelling,,,missing,,,,,,,,,,,,No,,ocr,way_to_go_10_images_20260814,20260814_234013.jpg,0.96
(BeV / get) used to (+ Ving),習慣於做某事,grammar,phrase,Class 15,Second Semester,U5,p.34,,,phrase,, used to,en_zh_choice|zh_en_choice|listening|spelling,,,missing,,,,,,,,,,,,No,,ocr,way_to_go_10_images_20260814,20260814_234013.jpg,0.96
(BeV) proud of,對…感到很驕傲,adjective_phrase,phrase,Class 15,Second Semester,U5,p.34,,,phrase,(BeV) proud of, proud of,en_zh_choice|zh_en_choice|listening|spelling,,,missing,,,,,,,,,,,,No,,ocr,way_to_go_10_images_20260814,20260814_234013.jpg,0.96
my pleasure,不客氣；這是我的榮幸,phrase,phrase,Class 15,Second Semester,U5,p.34,,,phrase,my pleasure,my pleasure,en_zh_choice|zh_en_choice|listening|spelling,,,missing,,,,,,,,,,,,No,,ocr,way_to_go_10_images_20260814,20260814_234013.jpg,0.96
flood,洪水；水災,noun,word,Class 13,Second Semester,U5,p.35,,,word,flood,flood,en_zh_choice|zh_en_choice|listening|spelling,,,missing,,,,,,,,,,,,No,,ocr,way_to_go_10_images_20260814,20260814_234004.jpg,0.96
tornado (+s / es),龍捲風,noun,word,Class 13,Second Semester,U5,p.35,,,word,,tornado,en_zh_choice|zh_en_choice|listening|spelling,,,missing,,,,,,,,,,,,No,,ocr,way_to_go_10_images_20260814,20260814_234004.jpg,0.96
earthquake,地震,noun,word,Class 13,Second Semester,U5,p.35,,,word,earthquake,earthquake,en_zh_choice|zh_en_choice|listening|spelling,,,missing,,,,,,,,,,,,No,,ocr,way_to_go_10_images_20260814,20260814_234004.jpg,0.96
tidal wave,（由潮汐所造成的）海嘯,noun,word,Class 13,Second Semester,U5,p.35,,,word,tidal wave,tidal wave,en_zh_choice|zh_en_choice|listening|spelling,,,missing,,,,,,,,,,,,No,,ocr,way_to_go_10_images_20260814,20260814_234004.jpg,0.96
tsunami,（由火山爆發所造成的）海嘯,noun,word,Class 13,Second Semester,U5,p.35,,,word,tsunami,tsunami,en_zh_choice|zh_en_choice|listening|spelling,,,missing,,,,,,,,,,,,No,,ocr,way_to_go_10_images_20260814,20260814_234004.jpg,0.96
typhoon,颱風,noun,word,Class 13,Second Semester,U5,p.35,,,word,typhoon,typhoon,en_zh_choice|zh_en_choice|listening|spelling,,,missing,,,,,,,,,,,,No,,ocr,way_to_go_10_images_20260814,20260814_234004.jpg,0.96
hurricane,颶風（在大西洋西部形成）,noun,word,Class 13,Second Semester,U5,p.35,,,word,hurricane,hurricane,en_zh_choice|zh_en_choice|listening|spelling,,,missing,,,,,,,,,,,,No,,ocr,way_to_go_10_images_20260814,20260814_234004.jpg,0.96
forest fire,森林大火,noun,word,Class 13,Second Semester,U5,p.35,,,word,forest fire,forest fire,en_zh_choice|zh_en_choice|listening|spelling,,,missing,,,,,,,,,,,,No,,ocr,way_to_go_10_images_20260814,20260814_234004.jpg,0.96
cook,煮；烹煮,verb,word,Class 14,Second Semester,U5,p.36,,,word,cook,cook,en_zh_choice|zh_en_choice|listening|spelling,,,missing,,,,,,,,,,,,No,,ocr,way_to_go_10_images_20260814,20260814_234004.jpg,0.96
jog,慢跑,verb,word,Class 14,Second Semester,U5,p.36,,,word,jog,jog,en_zh_choice|zh_en_choice|listening|spelling,,,missing,,,,,,,,,,,,No,,ocr,way_to_go_10_images_20260814,20260814_234004.jpg,0.96
rain,下雨,verb,word,Class 14,Second Semester,U5,p.36,,,word,rain,rain,en_zh_choice|zh_en_choice|listening|spelling,,,missing,,,,,,,,,,,,No,,ocr,way_to_go_10_images_20260814,20260814_234004.jpg,0.96
clean,打掃,verb,word,Class 14,Second Semester,U5,p.36,,,word,clean,clean,en_zh_choice|zh_en_choice|listening|spelling,,,missing,,,,,,,,,,,,No,,ocr,way_to_go_10_images_20260814,20260814_234004.jpg,0.96
coffee,咖啡,noun,word,Class 14,Second Semester,U5,p.36,,,word,coffee,coffee,en_zh_choice|zh_en_choice|listening|spelling,,,missing,,,,,,,,,,,,No,,ocr,way_to_go_10_images_20260814,20260814_234004.jpg,0.96
hide,躲；藏,verb,irregular_verb,Class 16,Second Semester,U5,p.37,,,verb_forms,hide,hide|hid|hidden,en_zh_choice|zh_en_choice|listening|spelling|verb_forms,,,missing,hide,hid,hidden,,,,,,,,,No,,ocr,way_to_go_10_images_20260814,20260814_234017.jpg,0.96
dig,挖（土）；鑿（地）,verb,irregular_verb,Class 16,Second Semester,U5,p.37,,,verb_forms,dig,dig|dug|dug,en_zh_choice|zh_en_choice|listening|spelling|verb_forms,,,missing,dig,dug,dug,,,,,,,,,No,,ocr,way_to_go_10_images_20260814,20260814_234017.jpg,0.96
throw,丟；扔,verb,irregular_verb,Class 16,Second Semester,U5,p.37,,,verb_forms,throw,throw|threw|thrown,en_zh_choice|zh_en_choice|listening|spelling|verb_forms,,,missing,throw,threw,thrown,,,,,,,,,No,,ocr,way_to_go_10_images_20260814,20260814_234017.jpg,0.96
fight,打架,verb,irregular_verb,Class 16,Second Semester,U5,p.37,,,verb_forms,fight,fight|fought|fought,en_zh_choice|zh_en_choice|listening|spelling|verb_forms,,,missing,fight,fought,fought,,,,,,,,,No,,ocr,way_to_go_10_images_20260814,20260814_234017.jpg,0.96
exercise,運動,noun,word,Class 16,Second Semester,U5,p.37,,,word,exercise,exercise,en_zh_choice|zh_en_choice|listening|spelling,,,missing,,,,,,,,,,,,No,,ocr,way_to_go_10_images_20260814,20260814_234017.jpg,0.96
balloon,氣球,noun,word,Class 16,Second Semester,U5,p.37,,,word,balloon,balloon,en_zh_choice|zh_en_choice|listening|spelling,,,missing,,,,,,,,,,,,No,,ocr,way_to_go_10_images_20260814,20260814_234017.jpg,0.96
gym,健身房,noun,word,Class 16,Second Semester,U5,p.37,,,word,gym,gym,en_zh_choice|zh_en_choice|listening|spelling,,,missing,,,,,,,,,,,,No,,ocr,way_to_go_10_images_20260814,20260814_234017.jpg,0.96
playground,操場,noun,word,Class 16,Second Semester,U5,p.37,,,word,playground,playground,en_zh_choice|zh_en_choice|listening|spelling,,,missing,,,,,,,,,,,,No,,ocr,way_to_go_10_images_20260814,20260814_234017.jpg,0.96
board,板子（黑板／白板）,noun,word,Class 16,Second Semester,U5,p.37,,,word,board,board,en_zh_choice|zh_en_choice|listening|spelling,,,missing,,,,,,,,,,,,No,,ocr,way_to_go_10_images_20260814,20260814_234017.jpg,0.96
potato chips,洋芋片,noun,phrase,Class 17,Second Semester,U5,p.38,,,phrase,potato chips,potato chips,en_zh_choice|zh_en_choice|listening|spelling,,,missing,,,,,,,,,,,,No,,ocr,way_to_go_10_images_20260814,20260814_234017.jpg,0.96
salad,沙拉,noun,phrase,Class 17,Second Semester,U5,p.38,,,phrase,salad,salad,en_zh_choice|zh_en_choice|listening|spelling,,,missing,,,,,,,,,,,,No,,ocr,way_to_go_10_images_20260814,20260814_234017.jpg,0.96
sports magazine,運動雜誌,noun,phrase,Class 17,Second Semester,U5,p.38,,,phrase,sports magazine,sports magazine,en_zh_choice|zh_en_choice|listening|spelling,,,missing,,,,,,,,,,,,No,,ocr,way_to_go_10_images_20260814,20260814_234017.jpg,0.96
horror movie,恐怖片,noun,phrase,Class 17,Second Semester,U5,p.38,,,phrase,horror movie,horror movie,en_zh_choice|zh_en_choice|listening|spelling,,,missing,,,,,,,,,,,,No,,ocr,way_to_go_10_images_20260814,20260814_234017.jpg,0.96
pop,流行音樂,noun,phrase,Class 17,Second Semester,U5,p.38,,,phrase,pop,pop,en_zh_choice|zh_en_choice|listening|spelling,,,missing,,,,,,,,,,,,No,,ocr,way_to_go_10_images_20260814,20260814_234017.jpg,0.96
talk about,談論,verb_phrase,phrase,Class 17,Second Semester,U5,p.38,,,phrase,talk about,talk about,en_zh_choice|zh_en_choice|listening|spelling,,,missing,,,,,,,,,,,,No,,ocr,way_to_go_10_images_20260814,20260814_234017.jpg,0.96
foreigner,外國人,noun,phrase,Class 18,Second Semester,U5,p.39,,,phrase,foreigner,foreigner,en_zh_choice|zh_en_choice|listening|spelling,,,missing,,,,,,,,,,,,No,,ocr,way_to_go_10_images_20260814,20260814_234024.jpg,0.96
owner of,主人,noun_phrase,phrase,Class 18,Second Semester,U5,p.39,,,phrase,owner of,owner of,en_zh_choice|zh_en_choice|listening|spelling,,,missing,,,,,,,,,,,,No,,ocr,way_to_go_10_images_20260814,20260814_234024.jpg,0.96
leftover food,廚餘,noun_phrase,phrase,Class 18,Second Semester,U5,p.39,,,phrase,leftover food,leftover food,en_zh_choice|zh_en_choice|listening|spelling,,,missing,,,,,,,,,,,,No,,ocr,way_to_go_10_images_20260814,20260814_234024.jpg,0.96
trouble,困難；問題；麻煩,noun,phrase,Class 18,Second Semester,U5,p.39,,,phrase,trouble,trouble,en_zh_choice|zh_en_choice|listening|spelling,,,missing,,,,,,,,,,,,No,,ocr,way_to_go_10_images_20260814,20260814_234024.jpg,0.96
over (+ time),超過（+ time）,preposition,phrase,Class 18,Second Semester,U5,p.39,,,phrase,over (+ time),over,en_zh_choice|zh_en_choice|listening|spelling,,,missing,,,,,,,,,,,,No,,ocr,way_to_go_10_images_20260814,20260814_234024.jpg,0.96
recycle,回收利用,verb,phrase,Class 18,Second Semester,U5,p.39,,,phrase,recycle,recycle,en_zh_choice|zh_en_choice|listening|spelling,,,missing,,,,,,,,,,,,No,,ocr,way_to_go_10_images_20260814,20260814_234024.jpg,0.96
disappear,消失,verb,phrase,Class 18,Second Semester,U5,p.39,,,phrase,disappear,disappear,en_zh_choice|zh_en_choice|listening|spelling,,,missing,,,,,,,,,,,,No,,ocr,way_to_go_10_images_20260814,20260814_234024.jpg,0.96
keep,飼養,verb,phrase,Class 18,Second Semester,U5,p.39,,,phrase,keep,keep,en_zh_choice|zh_en_choice|listening|spelling,,,missing,,,,,,,,,,,,No,,ocr,way_to_go_10_images_20260814,20260814_234024.jpg,0.96
nervously,緊張地,adverb,phrase,Class 18,Second Semester,U5,p.39,,,phrase,nervously,nervously,en_zh_choice|zh_en_choice|listening|spelling,,,missing,,,,,,,,,,,,No,,ocr,way_to_go_10_images_20260814,20260814_234024.jpg,0.96
wherever,各處；無論什麼地方（不造句）,adverb,phrase,Class 18,Second Semester,U5,p.39,,,phrase,wherever,wherever,en_zh_choice|zh_en_choice|listening|spelling,,,missing,,,,,,,,,,,,No,,ocr,way_to_go_10_images_20260814,20260814_234024.jpg,0.96
police chief,警察局長,noun,phrase,Class 19,Second Semester,U5,p.39,,,phrase,police chief,police chief,en_zh_choice|zh_en_choice|listening|spelling,,,missing,,,,,,,,,,,,No,,ocr,way_to_go_10_images_20260814,20260814_234024.jpg,0.96
thief,小偷,noun,phrase,Class 19,Second Semester,U5,p.39,,,phrase,thief,thief,en_zh_choice|zh_en_choice|listening|spelling,,,missing,,,,,,,,,,,,No,,ocr,way_to_go_10_images_20260814,20260814_234024.jpg,0.96
noise,聲音,noun,phrase,Class 19,Second Semester,U5,p.39,,,phrase,noise,noise,en_zh_choice|zh_en_choice|listening|spelling,,,missing,,,,,,,,,,,,No,,ocr,way_to_go_10_images_20260814,20260814_234024.jpg,0.96
diamond,鑽石,noun,phrase,Class 19,Second Semester,U5,p.39,,,phrase,diamond,diamond,en_zh_choice|zh_en_choice|listening|spelling,,,missing,,,,,,,,,,,,No,,ocr,way_to_go_10_images_20260814,20260814_234024.jpg,0.96
look for,尋找,verb_phrase,phrase,Class 19,Second Semester,U5,p.39,,,phrase,look for,look for,en_zh_choice|zh_en_choice|listening|spelling,,,missing,,,,,,,,,,,,No,,ocr,way_to_go_10_images_20260814,20260814_234024.jpg,0.96
pack up,打包（行李）,verb_phrase,phrase,Class 19,Second Semester,U5,p.39,,,phrase,pack up,pack up,en_zh_choice|zh_en_choice|listening|spelling,,,missing,,,,,,,,,,,,No,,ocr,way_to_go_10_images_20260814,20260814_234024.jpg,0.96
hissing,嘶嘶聲的,adjective,phrase,Class 19,Second Semester,U5,p.39,,,phrase,hissing,hissing,en_zh_choice|zh_en_choice|listening|spelling,,,missing,,,,,,,,,,,,No,,ocr,way_to_go_10_images_20260814,20260814_234024.jpg,0.96
in the mountains,在山區,phrase,phrase,Class 19,Second Semester,U5,p.39,,,phrase,in the mountains,in the mountains,en_zh_choice|zh_en_choice|listening|spelling,,,missing,,,,,,,,,,,,No,,ocr,way_to_go_10_images_20260814,20260814_234024.jpg,0.96
postcard,明信片,noun,phrase,Class 20,Second Semester,U5,p.41,,,phrase,postcard,postcard,en_zh_choice|zh_en_choice|listening|spelling,,,missing,,,,,,,,,,,,No,,ocr,way_to_go_10_images_20260814,20260814_234029.jpg,0.96
amusement park,遊樂園,noun,phrase,Class 20,Second Semester,U5,p.41,,,phrase,amusement park,amusement park,en_zh_choice|zh_en_choice|listening|spelling,,,missing,,,,,,,,,,,,No,,ocr,way_to_go_10_images_20260814,20260814_234029.jpg,0.96
city,城市（不造句）,noun,phrase,Class 20,Second Semester,U5,p.41,,,phrase,city,city,en_zh_choice|zh_en_choice|listening|spelling,,,missing,,,,,,,,,,,,No,,ocr,way_to_go_10_images_20260814,20260814_234029.jpg,0.96
state,州（不造句）,noun,phrase,Class 20,Second Semester,U5,p.41,,,phrase,state,state,en_zh_choice|zh_en_choice|listening|spelling,,,missing,,,,,,,,,,,,No,,ocr,way_to_go_10_images_20260814,20260814_234029.jpg,0.96
relative,親戚,noun,phrase,Class 20,Second Semester,U5,p.41,,,phrase,relative,relative,en_zh_choice|zh_en_choice|listening|spelling,,,missing,,,,,,,,,,,,No,,ocr,way_to_go_10_images_20260814,20260814_234029.jpg,0.96
zip code,郵遞區號（不造句）,noun,phrase,Class 20,Second Semester,U5,p.41,,,phrase,zip code,zip code,en_zh_choice|zh_en_choice|listening|spelling,,,missing,,,,,,,,,,,,No,,ocr,way_to_go_10_images_20260814,20260814_234029.jpg,0.96
Los Angeles = L.A.,洛杉磯,contraction,phrase,Class 20,Second Semester,U5,p.41,,,phrase,,Los Angeles = L.A.,en_zh_choice|zh_en_choice|listening|spelling,,,missing,,,,,,,,,,,,No,,ocr,way_to_go_10_images_20260814,20260814_234029.jpg,0.96
correctly,正確地,adverb,phrase,Class 20,Second Semester,U5,p.41,,,phrase,correctly,correctly,en_zh_choice|zh_en_choice|listening|spelling,,,missing,,,,,,,,,,,,No,,ocr,way_to_go_10_images_20260814,20260814_234029.jpg,0.96
below,在下面（不造句）,preposition,phrase,Class 20,Second Semester,U5,p.41,,,phrase,below,below,en_zh_choice|zh_en_choice|listening|spelling,,,missing,,,,,,,,,,,,No,,ocr,way_to_go_10_images_20260814,20260814_234029.jpg,0.96
sample,樣本,noun,phrase,Class 11,Second Semester,U4,p.33,,,phrase,sample,sample,en_zh_choice|zh_en_choice|listening|spelling,,,missing,,,,,,,,,,,,No,,ocr,way_to_go_10_images_20260814,20260814_234000.jpg,0.96
subject,主題,noun,phrase,Class 11,Second Semester,U4,p.33,,,phrase,subject,subject,en_zh_choice|zh_en_choice|listening|spelling,,,missing,,,,,,,,,,,,No,,ocr,way_to_go_10_images_20260814,20260814_234000.jpg,0.96
attachment,附加檔案（不造句）,noun,phrase,Class 11,Second Semester,U4,p.33,,,phrase,attachment,attachment,en_zh_choice|zh_en_choice|listening|spelling,,,missing,,,,,,,,,,,,No,,ocr,way_to_go_10_images_20260814,20260814_234000.jpg,0.96
draft,草稿,noun,phrase,Class 11,Second Semester,U4,p.33,,,phrase,draft,draft,en_zh_choice|zh_en_choice|listening|spelling,,,missing,,,,,,,,,,,,No,,ocr,way_to_go_10_images_20260814,20260814_234000.jpg,0.96
save,存檔,verb,phrase,Class 11,Second Semester,U4,p.33,,,phrase,save,save,en_zh_choice|zh_en_choice|listening|spelling,,,missing,,,,,,,,,,,,No,,ocr,way_to_go_10_images_20260814,20260814_234000.jpg,0.96
cheers,（英式英文／口語）再見；謝謝你（不造句）,interjection,phrase,Class 11,Second Semester,U4,p.33,,,phrase,cheers,cheers,en_zh_choice|zh_en_choice|listening|spelling,,,missing,,,,,,,,,,,,No,,ocr,way_to_go_10_images_20260814,20260814_234000.jpg,0.96
in reply,作為回應；回覆,adverb,phrase,Class 11,Second Semester,U4,p.33,,,phrase,in reply,in reply,en_zh_choice|zh_en_choice|listening|spelling,,,missing,,,,,,,,,,,,No,,ocr,way_to_go_10_images_20260814,20260814_234000.jpg,0.96
if,是否（不造句）,conjunction,phrase,Class 11,Second Semester,U4,p.33,,,phrase,if,if,en_zh_choice|zh_en_choice|listening|spelling,,,missing,,,,,,,,,,,,No,,ocr,way_to_go_10_images_20260814,20260814_234000.jpg,0.96
send,郵寄；發送,verb,phrase,Class 11,Second Semester,U4,p.33,,,phrase,send,send,en_zh_choice|zh_en_choice|listening|spelling,,,missing,,,,,,,,,,,,No,,ocr,way_to_go_10_images_20260814,20260814_234000.jpg,0.96
know,知道,verb,phrase,Class 11,Second Semester,U4,p.33,,,phrase,know,know,en_zh_choice|zh_en_choice|listening|spelling,,,missing,,,,,,,,,,,,No,,ocr,way_to_go_10_images_20260814,20260814_234000.jpg,0.96
cancel,取消,verb,phrase,Class 11,Second Semester,U4,p.33,,,phrase,cancel,cancel,en_zh_choice|zh_en_choice|listening|spelling,,,missing,,,,,,,,,,,,No,,ocr,way_to_go_10_images_20260814,20260814_234000.jpg,0.96
take a bath,洗澡,verb_phrase,phrase,Class 7,Second Semester,U4,p.29,,,phrase,take a bath,take a bath,en_zh_choice|zh_en_choice|listening|spelling,,,missing,,,,,,,,,,,,No,,ocr,way_to_go_10_images_20260814,20260814_233948.jpg,0.96
learn,學習,verb,phrase,Class 7,Second Semester,U4,p.29,,,phrase,learn,learn,en_zh_choice|zh_en_choice|listening|spelling,,,missing,,,,,,,,,,,,No,,ocr,way_to_go_10_images_20260814,20260814_233948.jpg,0.96
wait for,等候,verb_phrase,phrase,Class 7,Second Semester,U4,p.29,,,phrase,wait for,wait for,en_zh_choice|zh_en_choice|listening|spelling,,,missing,,,,,,,,,,,,No,,ocr,way_to_go_10_images_20260814,20260814_233948.jpg,0.96
science,自然科學,noun,phrase,Class 7,Second Semester,U4,p.29,,,phrase,science,science,en_zh_choice|zh_en_choice|listening|spelling,,,missing,,,,,,,,,,,,No,,ocr,way_to_go_10_images_20260814,20260814_233948.jpg,0.96
French,法語；法文,noun,phrase,Class 7,Second Semester,U4,p.29,,,phrase,French,French,en_zh_choice|zh_en_choice|listening|spelling,,,missing,,,,,,,,,,,,No,,ocr,way_to_go_10_images_20260814,20260814_233948.jpg,0.96
chess,西洋棋,noun,phrase,Class 7,Second Semester,U4,p.29,,,phrase,chess,chess,en_zh_choice|zh_en_choice|listening|spelling,,,missing,,,,,,,,,,,,No,,ocr,way_to_go_10_images_20260814,20260814_233948.jpg,0.96
club,社團；俱樂部,noun,phrase,Class 7,Second Semester,U4,p.29,,,phrase,club,club,en_zh_choice|zh_en_choice|listening|spelling,,,missing,,,,,,,,,,,,No,,ocr,way_to_go_10_images_20260814,20260814_233948.jpg,0.96
prepare,準備,verb,phrase,Class 7,Second Semester,U4,p.29,,,phrase,prepare,prepare,en_zh_choice|zh_en_choice|listening|spelling,,,missing,,,,,,,,,,,,No,,ocr,way_to_go_10_images_20260814,20260814_233948.jpg,0.96
live,居住,verb,phrase,Class 7,Second Semester,U4,p.29,,,phrase,live,live,en_zh_choice|zh_en_choice|listening|spelling,,,missing,,,,,,,,,,,,No,,ocr,way_to_go_10_images_20260814,20260814_233948.jpg,0.96
move to,搬家；移動,verb_phrase,phrase,Class 7,Second Semester,U4,p.29,,,phrase,move to,move to,en_zh_choice|zh_en_choice|listening|spelling,,,missing,,,,,,,,,,,,No,,ocr,way_to_go_10_images_20260814,20260814_233948.jpg,0.96
date <Sb>,跟某人約會,verb_phrase,phrase,Class 7,Second Semester,U4,p.29,,,phrase,,date <Sb>,en_zh_choice|zh_en_choice|listening|spelling,,,missing,,,,,,,,,,,,No,,ocr,way_to_go_10_images_20260814,20260814_233948.jpg,0.96
graduate,畢業,verb,phrase,Class 7,Second Semester,U4,p.29,,,phrase,graduate,graduate,en_zh_choice|zh_en_choice|listening|spelling,,,missing,,,,,,,,,,,,No,,ocr,way_to_go_10_images_20260814,20260814_233948.jpg,0.96
high school,中學,noun,phrase,Class 7,Second Semester,U4,p.29,,,phrase,high school,high school,en_zh_choice|zh_en_choice|listening|spelling,,,missing,,,,,,,,,,,,No,,ocr,way_to_go_10_images_20260814,20260814_233948.jpg,0.96
little,年幼的；幼小的,adjective,phrase,Class 7,Second Semester,U4,p.29,,,phrase,little,little,en_zh_choice|zh_en_choice|listening|spelling,,,missing,,,,,,,,,,,,No,,ocr,way_to_go_10_images_20260814,20260814_233948.jpg,0.96
join,加入；參加,verb,phrase,Class 9,Second Semester,U4,p.31,,,phrase,join,join,en_zh_choice|zh_en_choice|listening|spelling,,,missing,,,,,,,,,,,,No,,ocr,way_to_go_10_images_20260814,20260814_233953.jpg,0.96
travel to <place> with <Sb>,旅行,verb_phrase,phrase,Class 9,Second Semester,U4,p.31,,,phrase,,travel to <place> with <Sb>,en_zh_choice|zh_en_choice|listening|spelling,,,missing,,,,,,,,,,,,No,,ocr,way_to_go_10_images_20260814,20260814_233953.jpg,0.96
popular,受歡迎的,adjective,phrase,Class 9,Second Semester,U4,p.31,,,phrase,popular,popular,en_zh_choice|zh_en_choice|listening|spelling,,,missing,,,,,,,,,,,,No,,ocr,way_to_go_10_images_20260814,20260814_233953.jpg,0.96
China,中國,noun,phrase,Class 9,Second Semester,U4,p.31,,,phrase,China,China,en_zh_choice|zh_en_choice|listening|spelling,,,missing,,,,,,,,,,,,No,,ocr,way_to_go_10_images_20260814,20260814_233953.jpg,0.96
superstar,超級巨星,noun,phrase,Class 9,Second Semester,U4,p.31,,,phrase,superstar,superstar,en_zh_choice|zh_en_choice|listening|spelling,,,missing,,,,,,,,,,,,No,,ocr,way_to_go_10_images_20260814,20260814_233953.jpg,0.96
reporter,記者,noun,phrase,Class 9,Second Semester,U4,p.31,,,phrase,reporter,reporter,en_zh_choice|zh_en_choice|listening|spelling,,,missing,,,,,,,,,,,,No,,ocr,way_to_go_10_images_20260814,20260814_233953.jpg,0.96
court,球場,noun,phrase,Class 9,Second Semester,U4,p.31,,,phrase,court,court,en_zh_choice|zh_en_choice|listening|spelling,,,missing,,,,,,,,,,,,No,,ocr,way_to_go_10_images_20260814,20260814_233953.jpg,0.96
too <adj> to <Vr>,太…而不能…,grammar,phrase,Class 9,Second Semester,U4,p.31,,,phrase,,too <adj> to <Vr>,en_zh_choice|zh_en_choice|listening|spelling,,,missing,,,,,,,,,,,,No,,ocr,way_to_go_10_images_20260814,20260814_233953.jpg,0.96
another,另一個,determiner,phrase,Class 9,Second Semester,U4,p.31,,,phrase,another,another,en_zh_choice|zh_en_choice|listening|spelling,,,missing,,,,,,,,,,,,No,,ocr,way_to_go_10_images_20260814,20260814_233953.jpg,0.96
win,贏；獲勝,verb,irregular_verb,Class 10,Second Semester,U4,p.32,,,verb_forms,win,win|won|won,en_zh_choice|zh_en_choice|listening|spelling|verb_forms,,,missing,win,won,won,,,,,,,,,No,,ocr,way_to_go_10_images_20260814,20260814_233953.jpg,0.96
score,得到（分數）,verb,phrase,Class 10,Second Semester,U4,p.32,,,phrase,score,score,en_zh_choice|zh_en_choice|listening|spelling,,,missing,,,,,,,,,,,,No,,ocr,way_to_go_10_images_20260814,20260814_233953.jpg,0.96
cheer,歡呼,verb,phrase,Class 10,Second Semester,U4,p.32,,,phrase,cheer,cheer,en_zh_choice|zh_en_choice|listening|spelling,,,missing,,,,,,,,,,,,No,,ocr,way_to_go_10_images_20260814,20260814_233953.jpg,0.96
fan,粉絲,noun,phrase,Class 10,Second Semester,U4,p.32,,,phrase,fan,fan,en_zh_choice|zh_en_choice|listening|spelling,,,missing,,,,,,,,,,,,No,,ocr,way_to_go_10_images_20260814,20260814_233953.jpg,0.96
point,分數,noun,phrase,Class 10,Second Semester,U4,p.32,,,phrase,point,point,en_zh_choice|zh_en_choice|listening|spelling,,,missing,,,,,,,,,,,,No,,ocr,way_to_go_10_images_20260814,20260814_233953.jpg,0.96
crowd,群眾,noun,phrase,Class 10,Second Semester,U4,p.32,,,phrase,crowd,crowd,en_zh_choice|zh_en_choice|listening|spelling,,,missing,,,,,,,,,,,,No,,ocr,way_to_go_10_images_20260814,20260814_233953.jpg,0.96
on top of the world,很棒,adjective,phrase,Class 10,Second Semester,U4,p.32,,,phrase,on top of the world,on top of the world,en_zh_choice|zh_en_choice|listening|spelling,,,missing,,,,,,,,,,,,No,,ocr,way_to_go_10_images_20260814,20260814_233953.jpg,0.96
hard,認真地；較認真地,adverb,phrase,Class 10,Second Semester,U4,p.32,,,phrase,hard,hard,en_zh_choice|zh_en_choice|listening|spelling,,,missing,,,,,,,,,,,,No,,ocr,way_to_go_10_images_20260814,20260814_233953.jpg,0.96
harder,最認真地,adverb,phrase,Class 10,Second Semester,U4,p.32,,,phrase,harder,harder,en_zh_choice|zh_en_choice|listening|spelling,,,missing,,,,,,,,,,,,No,,ocr,way_to_go_10_images_20260814,20260814_233953.jpg,0.96
the hardest,最認真地,adverb,phrase,Class 10,Second Semester,U4,p.32,,,phrase,the hardest,the hardest,en_zh_choice|zh_en_choice|listening|spelling,,,missing,,,,,,,,,,,,No,,ocr,way_to_go_10_images_20260814,20260814_233953.jpg,0.96
at last,終於；最後,adverb,phrase,Class 10,Second Semester,U4,p.32,,,phrase,at last,at last,en_zh_choice|zh_en_choice|listening|spelling,,,missing,,,,,,,,,,,,No,,ocr,way_to_go_10_images_20260814,20260814_233953.jpg,0.96
